error_id,module,error_message,possible_cause,resolution,related_tcode,related_table,severity
ERR001,SD,Sales area not defined,Sales area missing,Maintain sales area,VA01,VBAK,High
ERR002,MM,Release strategy not found,Configuration missing,Maintain release strategy,ME29N,EKKO,High
ERR003,MM,Deficit of stock,Insufficient inventory,Post goods receipt,MIGO,MSEG,Medium
ERR004,SD,Shipping point not determined,Shipping configuration missing,Assign shipping point,VL01N,LIKP,High
ERR005,FI,G/L account missing,Account determination incomplete,Maintain OBYC/account mapping,FB60,BKPF,Critical
ERR0006,MM,Custom error message 0,"Configuration, authorization or master data issue","Verify configuration, master data and user authorization",ZMM0000,ZTAB0000,High
ERR0007,PP,Custom error message 1,"Configuration, authorization or master data issue","Verify configuration, master data and user authorization",ZPP0001,ZTAB0001,Medium
ERR0008,QM,Custom error message 2,"Configuration, authorization or master data issue","Verify configuration, master data and user authorization",ZQM0002,ZTAB0002,Medium
ERR0009,SD,Custom error message 3,"Configuration, authorization or master data issue","Verify configuration, master data and user authorization",ZSD0003,ZTAB0003,Medium
ERR0010,SD,Custom error message 4,"Configuration, authorization or master data issue","Verify configuration, master data and user authorization",ZSD0004,ZTAB0004,High
ERR0011,MM,Custom error message 5,"Configuration, authorization or master data issue","Verify configuration, master data and user authorization",ZMM0005,ZTAB0005,High
ERR0012,WM,Custom error message 6,"Configuration, authorization or master data issue","Verify configuration, master data and user authorization",ZWM0006,ZTAB0006,Medium
ERR0013,FI,Custom error message 7,"Configuration, authorization or master data issue","Verify configuration, master data and user authorization",ZFI0007,ZTAB0007,Low
ERR0014,FI,Custom error message 8,"Configuration, authorization or master data issue","Verify configuration, master data and user authorization",ZFI0008,ZTAB0008,Low
ERR0015,SD,Custom error message 9,"Configuration, authorization or master data issue","Verify configuration, master data and user authorization",ZSD0009,ZTAB0009,High
ERR0016,MM,Custom error message 10,"Configuration, authorization or master data issue","Verify configuration, master data and user authorization",ZMM0010,ZTAB0010,Low
ERR0017,FI,Custom error message 11,"Configuration, authorization or master data issue","Verify configuration, master data and user authorization",ZFI0011,ZTAB0011,High
ERR0018,WM,Custom error message 12,"Configuration, authorization or master data issue","Verify configuration, master data and user authorization",ZWM0012,ZTAB0012,Low
ERR0019,QM,Custom error message 13,"Configuration, authorization or master data issue","Verify configuration, master data and user authorization",ZQM0013,ZTAB0013,Low
ERR0020,MM,Custom error message 14,"Configuration, authorization or master data issue","Verify configuration, master data and user authorization",ZMM0014,ZTAB0014,High
ERR0021,FI,Custom error message 15,"Configuration, authorization or master data issue","Verify configuration, master data and user authorization",ZFI0015,ZTAB0015,High
ERR0022,FI,Custom error message 16,"Configuration, authorization or master data issue","Verify configuration, master data and user authorization",ZFI0016,ZTAB0016,Low
ERR0023,FI,Custom error message 17,"Configuration, authorization or master data issue","Verify configuration, master data and user authorization",ZFI0017,ZTAB0017,High
ERR0024,PP,Custom error message 18,"Configuration, authorization or master data issue","Verify configuration, master data and user authorization",ZPP0018,ZTAB0018,Medium
ERR0025,FI,Custom error message 19,"Configuration, authorization or master data issue","Verify configuration, master data and user authorization",ZFI0019,ZTAB0019,High
ERR0026,WM,Custom error message 20,"Configuration, authorization or master data issue","Verify configuration, master data and user authorization",ZWM0020,ZTAB0020,High
ERR0027,PP,Custom error message 21,"Configuration, authorization or master data issue","Verify configuration, master data and user authorization",ZPP0021,ZTAB0021,Medium
ERR0028,MM,Custom error message 22,"Configuration, authorization or master data issue","Verify configuration, master data and user authorization",ZMM0022,ZTAB0022,Low
ERR0029,QM,Custom error message 23,"Configuration, authorization or master data issue","Verify configuration, master data and user authorization",ZQM0023,ZTAB0023,High
ERR0030,QM,Custom error message 24,"Configuration, authorization or master data issue","Verify configuration, master data and user authorization",ZQM0024,ZTAB0024,Low
ERR0031,MM,Custom error message 25,"Configuration, authorization or master data issue","Verify configuration, master data and user authorization",ZMM0025,ZTAB0025,High
ERR0032,QM,Custom error message 26,"Configuration, authorization or master data issue","Verify configuration, master data and user authorization",ZQM0026,ZTAB0026,Medium
ERR0033,WM,Custom error message 27,"Configuration, authorization or master data issue","Verify configuration, master data and user authorization",ZWM0027,ZTAB0027,Low
ERR0034,FI,Custom error message 28,"Configuration, authorization or master data issue","Verify configuration, master data and user authorization",ZFI0028,ZTAB0028,Medium
ERR0035,FI,Custom error message 29,"Configuration, authorization or master data issue","Verify configuration, master data and user authorization",ZFI0029,ZTAB0029,Medium
ERR0036,MM,Custom error message 30,"Configuration, authorization or master data issue","Verify configuration, master data and user authorization",ZMM0030,ZTAB0030,Low
ERR0037,FI,Custom error message 31,"Configuration, authorization or master data issue","Verify configuration, master data and user authorization",ZFI0031,ZTAB0031,High
ERR0038,FI,Custom error message 32,"Configuration, authorization or master data issue","Verify configuration, master data and user authorization",ZFI0032,ZTAB0032,High
ERR0039,PP,Custom error message 33,"Configuration, authorization or master data issue","Verify configuration, master data and user authorization",ZPP0033,ZTAB0033,High
ERR0040,QM,Custom error message 34,"Configuration, authorization or master data issue","Verify configuration, master data and user authorization",ZQM0034,ZTAB0034,High
ERR0041,SD,Custom error message 35,"Configuration, authorization or master data issue","Verify configuration, master data and user authorization",ZSD0035,ZTAB0035,High
ERR0042,WM,Custom error message 36,"Configuration, authorization or master data issue","Verify configuration, master data and user authorization",ZWM0036,ZTAB0036,Medium
ERR0043,WM,Custom error message 37,"Configuration, authorization or master data issue","Verify configuration, master data and user authorization",ZWM0037,ZTAB0037,Medium
ERR0044,QM,Custom error message 38,"Configuration, authorization or master data issue","Verify configuration, master data and user authorization",ZQM0038,ZTAB0038,High
ERR0045,MM,Custom error message 39,"Configuration, authorization or master data issue","Verify configuration, master data and user authorization",ZMM0039,ZTAB0039,Medium
ERR0046,SD,Custom error message 40,"Configuration, authorization or master data issue","Verify configuration, master data and user authorization",ZSD0040,ZTAB0040,High
ERR0047,SD,Custom error message 41,"Configuration, authorization or master data issue","Verify configuration, master data and user authorization",ZSD0041,ZTAB0041,High
ERR0048,FI,Custom error message 42,"Configuration, authorization or master data issue","Verify configuration, master data and user authorization",ZFI0042,ZTAB0042,High
ERR0049,MM,Custom error message 43,"Configuration, authorization or master data issue","Verify configuration, master data and user authorization",ZMM0043,ZTAB0043,Low
ERR0050,WM,Custom error message 44,"Configuration, authorization or master data issue","Verify configuration, master data and user authorization",ZWM0044,ZTAB0044,Medium
ERR0051,MM,Custom error message 45,"Configuration, authorization or master data issue","Verify configuration, master data and user authorization",ZMM0045,ZTAB0045,Low
ERR0052,WM,Custom error message 46,"Configuration, authorization or master data issue","Verify configuration, master data and user authorization",ZWM0046,ZTAB0046,High
ERR0053,FI,Custom error message 47,"Configuration, authorization or master data issue","Verify configuration, master data and user authorization",ZFI0047,ZTAB0047,High
ERR0054,PP,Custom error message 48,"Configuration, authorization or master data issue","Verify configuration, master data and user authorization",ZPP0048,ZTAB0048,Medium
ERR0055,WM,Custom error message 49,"Configuration, authorization or master data issue","Verify configuration, master data and user authorization",ZWM0049,ZTAB0049,High
ERR0056,FI,Custom error message 50,"Configuration, authorization or master data issue","Verify configuration, master data and user authorization",ZFI0050,ZTAB0050,Low
ERR0057,WM,Custom error message 51,"Configuration, authorization or master data issue","Verify configuration, master data and user authorization",ZWM0051,ZTAB0051,High
ERR0058,WM,Custom error message 52,"Configuration, authorization or master data issue","Verify configuration, master data and user authorization",ZWM0052,ZTAB0052,Medium
ERR0059,WM,Custom error message 53,"Configuration, authorization or master data issue","Verify configuration, master data and user authorization",ZWM0053,ZTAB0053,Low
ERR0060,PP,Custom error message 54,"Configuration, authorization or master data issue","Verify configuration, master data and user authorization",ZPP0054,ZTAB0054,High
ERR0061,PP,Custom error message 55,"Configuration, authorization or master data issue","Verify configuration, master data and user authorization",ZPP0055,ZTAB0055,Low
ERR0062,SD,Custom error message 56,"Configuration, authorization or master data issue","Verify configuration, master data and user authorization",ZSD0056,ZTAB0056,Medium
ERR0063,WM,Custom error message 57,"Configuration, authorization or master data issue","Verify configuration, master data and user authorization",ZWM0057,ZTAB0057,Low
ERR0064,FI,Custom error message 58,"Configuration, authorization or master data issue","Verify configuration, master data and user authorization",ZFI0058,ZTAB0058,High
ERR0065,MM,Custom error message 59,"Configuration, authorization or master data issue","Verify configuration, master data and user authorization",ZMM0059,ZTAB0059,Medium
ERR0066,FI,Custom error message 60,"Configuration, authorization or master data issue","Verify configuration, master data and user authorization",ZFI0060,ZTAB0060,High
ERR0067,SD,Custom error message 61,"Configuration, authorization or master data issue","Verify configuration, master data and user authorization",ZSD0061,ZTAB0061,Medium
ERR0068,WM,Custom error message 62,"Configuration, authorization or master data issue","Verify configuration, master data and user authorization",ZWM0062,ZTAB0062,High
ERR0069,FI,Custom error message 63,"Configuration, authorization or master data issue","Verify configuration, master data and user authorization",ZFI0063,ZTAB0063,High
ERR0070,PP,Custom error message 64,"Configuration, authorization or master data issue","Verify configuration, master data and user authorization",ZPP0064,ZTAB0064,High
ERR0071,SD,Custom error message 65,"Configuration, authorization or master data issue","Verify configuration, master data and user authorization",ZSD0065,ZTAB0065,Low
ERR0072,QM,Custom error message 66,"Configuration, authorization or master data issue","Verify configuration, master data and user authorization",ZQM0066,ZTAB0066,Low
ERR0073,MM,Custom error message 67,"Configuration, authorization or master data issue","Verify configuration, master data and user authorization",ZMM0067,ZTAB0067,Low
ERR0074,SD,Custom error message 68,"Configuration, authorization or master data issue","Verify configuration, master data and user authorization",ZSD0068,ZTAB0068,Medium
ERR0075,MM,Custom error message 69,"Configuration, authorization or master data issue","Verify configuration, master data and user authorization",ZMM0069,ZTAB0069,High
ERR0076,WM,Custom error message 70,"Configuration, authorization or master data issue","Verify configuration, master data and user authorization",ZWM0070,ZTAB0070,Low
ERR0077,PP,Custom error message 71,"Configuration, authorization or master data issue","Verify configuration, master data and user authorization",ZPP0071,ZTAB0071,Medium
ERR0078,PP,Custom error message 72,"Configuration, authorization or master data issue","Verify configuration, master data and user authorization",ZPP0072,ZTAB0072,High
ERR0079,MM,Custom error message 73,"Configuration, authorization or master data issue","Verify configuration, master data and user authorization",ZMM0073,ZTAB0073,Medium
ERR0080,MM,Custom error message 74,"Configuration, authorization or master data issue","Verify configuration, master data and user authorization",ZMM0074,ZTAB0074,Low
ERR0081,QM,Custom error message 75,"Configuration, authorization or master data issue","Verify configuration, master data and user authorization",ZQM0075,ZTAB0075,Medium
ERR0082,QM,Custom error message 76,"Configuration, authorization or master data issue","Verify configuration, master data and user authorization",ZQM0076,ZTAB0076,Low
ERR0083,FI,Custom error message 77,"Configuration, authorization or master data issue","Verify configuration, master data and user authorization",ZFI0077,ZTAB0077,Low
ERR0084,WM,Custom error message 78,"Configuration, authorization or master data issue","Verify configuration, master data and user authorization",ZWM0078,ZTAB0078,High
ERR0085,PP,Custom error message 79,"Configuration, authorization or master data issue","Verify configuration, master data and user authorization",ZPP0079,ZTAB0079,Low
ERR0086,WM,Custom error message 80,"Configuration, authorization or master data issue","Verify configuration, master data and user authorization",ZWM0080,ZTAB0080,High
ERR0087,SD,Custom error message 81,"Configuration, authorization or master data issue","Verify configuration, master data and user authorization",ZSD0081,ZTAB0081,Low
ERR0088,FI,Custom error message 82,"Configuration, authorization or master data issue","Verify configuration, master data and user authorization",ZFI0082,ZTAB0082,Medium
ERR0089,MM,Custom error message 83,"Configuration, authorization or master data issue","Verify configuration, master data and user authorization",ZMM0083,ZTAB0083,High
ERR0090,SD,Custom error message 84,"Configuration, authorization or master data issue","Verify configuration, master data and user authorization",ZSD0084,ZTAB0084,Medium
ERR0091,FI,Custom error message 85,"Configuration, authorization or master data issue","Verify configuration, master data and user authorization",ZFI0085,ZTAB0085,High
ERR0092,SD,Custom error message 86,"Configuration, authorization or master data issue","Verify configuration, master data and user authorization",ZSD0086,ZTAB0086,Medium
ERR0093,PP,Custom error message 87,"Configuration, authorization or master data issue","Verify configuration, master data and user authorization",ZPP0087,ZTAB0087,Low
ERR0094,FI,Custom error message 88,"Configuration, authorization or master data issue","Verify configuration, master data and user authorization",ZFI0088,ZTAB0088,High
ERR0095,PP,Custom error message 89,"Configuration, authorization or master data issue","Verify configuration, master data and user authorization",ZPP0089,ZTAB0089,Low
ERR0096,SD,Custom error message 90,"Configuration, authorization or master data issue","Verify configuration, master data and user authorization",ZSD0090,ZTAB0090,High
ERR0097,PP,Custom error message 91,"Configuration, authorization or master data issue","Verify configuration, master data and user authorization",ZPP0091,ZTAB0091,Medium
ERR0098,PP,Custom error message 92,"Configuration, authorization or master data issue","Verify configuration, master data and user authorization",ZPP0092,ZTAB0092,High
ERR0099,QM,Custom error message 93,"Configuration, authorization or master data issue","Verify configuration, master data and user authorization",ZQM0093,ZTAB0093,Medium
ERR0100,QM,Custom error message 94,"Configuration, authorization or master data issue","Verify configuration, master data and user authorization",ZQM0094,ZTAB0094,Low
ERR0101,SD,Custom error message 95,"Configuration, authorization or master data issue","Verify configuration, master data and user authorization",ZSD0095,ZTAB0095,Medium
ERR0102,MM,Custom error message 96,"Configuration, authorization or master data issue","Verify configuration, master data and user authorization",ZMM0096,ZTAB0096,High
ERR0103,FI,Custom error message 97,"Configuration, authorization or master data issue","Verify configuration, master data and user authorization",ZFI0097,ZTAB0097,High
ERR0104,QM,Custom error message 98,"Configuration, authorization or master data issue","Verify configuration, master data and user authorization",ZQM0098,ZTAB0098,Low
ERR0105,MM,Custom error message 99,"Configuration, authorization or master data issue","Verify configuration, master data and user authorization",ZMM0099,ZTAB0099,High
ERR0106,PP,Custom error message 100,"Configuration, authorization or master data issue","Verify configuration, master data and user authorization",ZPP0100,ZTAB0100,High
ERR0107,MM,Custom error message 101,"Configuration, authorization or master data issue","Verify configuration, master data and user authorization",ZMM0101,ZTAB0101,Low
ERR0108,PP,Custom error message 102,"Configuration, authorization or master data issue","Verify configuration, master data and user authorization",ZPP0102,ZTAB0102,High
ERR0109,WM,Custom error message 103,"Configuration, authorization or master data issue","Verify configuration, master data and user authorization",ZWM0103,ZTAB0103,High
ERR0110,FI,Custom error message 104,"Configuration, authorization or master data issue","Verify configuration, master data and user authorization",ZFI0104,ZTAB0104,Low
ERR0111,PP,Custom error message 105,"Configuration, authorization or master data issue","Verify configuration, master data and user authorization",ZPP0105,ZTAB0105,Medium
ERR0112,FI,Custom error message 106,"Configuration, authorization or master data issue","Verify configuration, master data and user authorization",ZFI0106,ZTAB0106,Low
ERR0113,MM,Custom error message 107,"Configuration, authorization or master data issue","Verify configuration, master data and user authorization",ZMM0107,ZTAB0107,High
ERR0114,FI,Custom error message 108,"Configuration, authorization or master data issue","Verify configuration, master data and user authorization",ZFI0108,ZTAB0108,High
ERR0115,SD,Custom error message 109,"Configuration, authorization or master data issue","Verify configuration, master data and user authorization",ZSD0109,ZTAB0109,Low
ERR0116,QM,Custom error message 110,"Configuration, authorization or master data issue","Verify configuration, master data and user authorization",ZQM0110,ZTAB0110,Low
ERR0117,FI,Custom error message 111,"Configuration, authorization or master data issue","Verify configuration, master data and user authorization",ZFI0111,ZTAB0111,Medium
ERR0118,MM,Custom error message 112,"Configuration, authorization or master data issue","Verify configuration, master data and user authorization",ZMM0112,ZTAB0112,Medium
ERR0119,FI,Custom error message 113,"Configuration, authorization or master data issue","Verify configuration, master data and user authorization",ZFI0113,ZTAB0113,High
ERR0120,WM,Custom error message 114,"Configuration, authorization or master data issue","Verify configuration, master data and user authorization",ZWM0114,ZTAB0114,Low
ERR0121,WM,Custom error message 115,"Configuration, authorization or master data issue","Verify configuration, master data and user authorization",ZWM0115,ZTAB0115,High
ERR0122,FI,Custom error message 116,"Configuration, authorization or master data issue","Verify configuration, master data and user authorization",ZFI0116,ZTAB0116,Medium
ERR0123,QM,Custom error message 117,"Configuration, authorization or master data issue","Verify configuration, master data and user authorization",ZQM0117,ZTAB0117,High
ERR0124,QM,Custom error message 118,"Configuration, authorization or master data issue","Verify configuration, master data and user authorization",ZQM0118,ZTAB0118,High
ERR0125,SD,Custom error message 119,"Configuration, authorization or master data issue","Verify configuration, master data and user authorization",ZSD0119,ZTAB0119,Medium
ERR0126,QM,Custom error message 120,"Configuration, authorization or master data issue","Verify configuration, master data and user authorization",ZQM0120,ZTAB0120,Low
ERR0127,PP,Custom error message 121,"Configuration, authorization or master data issue","Verify configuration, master data and user authorization",ZPP0121,ZTAB0121,Low
ERR0128,PP,Custom error message 122,"Configuration, authorization or master data issue","Verify configuration, master data and user authorization",ZPP0122,ZTAB0122,Low
ERR0129,QM,Custom error message 123,"Configuration, authorization or master data issue","Verify configuration, master data and user authorization",ZQM0123,ZTAB0123,Medium
ERR0130,FI,Custom error message 124,"Configuration, authorization or master data issue","Verify configuration, master data and user authorization",ZFI0124,ZTAB0124,High
ERR0131,FI,Custom error message 125,"Configuration, authorization or master data issue","Verify configuration, master data and user authorization",ZFI0125,ZTAB0125,High
ERR0132,PP,Custom error message 126,"Configuration, authorization or master data issue","Verify configuration, master data and user authorization",ZPP0126,ZTAB0126,Low
ERR0133,PP,Custom error message 127,"Configuration, authorization or master data issue","Verify configuration, master data and user authorization",ZPP0127,ZTAB0127,High
ERR0134,PP,Custom error message 128,"Configuration, authorization or master data issue","Verify configuration, master data and user authorization",ZPP0128,ZTAB0128,Low
ERR0135,QM,Custom error message 129,"Configuration, authorization or master data issue","Verify configuration, master data and user authorization",ZQM0129,ZTAB0129,Low
ERR0136,FI,Custom error message 130,"Configuration, authorization or master data issue","Verify configuration, master data and user authorization",ZFI0130,ZTAB0130,Low
ERR0137,SD,Custom error message 131,"Configuration, authorization or master data issue","Verify configuration, master data and user authorization",ZSD0131,ZTAB0131,High
ERR0138,FI,Custom error message 132,"Configuration, authorization or master data issue","Verify configuration, master data and user authorization",ZFI0132,ZTAB0132,Low
ERR0139,SD,Custom error message 133,"Configuration, authorization or master data issue","Verify configuration, master data and user authorization",ZSD0133,ZTAB0133,Low
ERR0140,QM,Custom error message 134,"Configuration, authorization or master data issue","Verify configuration, master data and user authorization",ZQM0134,ZTAB0134,High
ERR0141,PP,Custom error message 135,"Configuration, authorization or master data issue","Verify configuration, master data and user authorization",ZPP0135,ZTAB0135,Low
ERR0142,FI,Custom error message 136,"Configuration, authorization or master data issue","Verify configuration, master data and user authorization",ZFI0136,ZTAB0136,Medium
ERR0143,WM,Custom error message 137,"Configuration, authorization or master data issue","Verify configuration, master data and user authorization",ZWM0137,ZTAB0137,Low
ERR0144,WM,Custom error message 138,"Configuration, authorization or master data issue","Verify configuration, master data and user authorization",ZWM0138,ZTAB0138,Low
ERR0145,FI,Custom error message 139,"Configuration, authorization or master data issue","Verify configuration, master data and user authorization",ZFI0139,ZTAB0139,Medium
ERR0146,SD,Custom error message 140,"Configuration, authorization or master data issue","Verify configuration, master data and user authorization",ZSD0140,ZTAB0140,Low
ERR0147,FI,Custom error message 141,"Configuration, authorization or master data issue","Verify configuration, master data and user authorization",ZFI0141,ZTAB0141,Low
ERR0148,QM,Custom error message 142,"Configuration, authorization or master data issue","Verify configuration, master data and user authorization",ZQM0142,ZTAB0142,High
ERR0149,MM,Custom error message 143,"Configuration, authorization or master data issue","Verify configuration, master data and user authorization",ZMM0143,ZTAB0143,High
ERR0150,QM,Custom error message 144,"Configuration, authorization or master data issue","Verify configuration, master data and user authorization",ZQM0144,ZTAB0144,Medium
ERR0151,MM,Custom error message 145,"Configuration, authorization or master data issue","Verify configuration, master data and user authorization",ZMM0145,ZTAB0145,Medium
ERR0152,QM,Custom error message 146,"Configuration, authorization or master data issue","Verify configuration, master data and user authorization",ZQM0146,ZTAB0146,High
ERR0153,FI,Custom error message 147,"Configuration, authorization or master data issue","Verify configuration, master data and user authorization",ZFI0147,ZTAB0147,Low
ERR0154,SD,Custom error message 148,"Configuration, authorization or master data issue","Verify configuration, master data and user authorization",ZSD0148,ZTAB0148,Low
ERR0155,PP,Custom error message 149,"Configuration, authorization or master data issue","Verify configuration, master data and user authorization",ZPP0149,ZTAB0149,Low
ERR0156,WM,Custom error message 150,"Configuration, authorization or master data issue","Verify configuration, master data and user authorization",ZWM0150,ZTAB0150,Low
ERR0157,PP,Custom error message 151,"Configuration, authorization or master data issue","Verify configuration, master data and user authorization",ZPP0151,ZTAB0151,High
ERR0158,PP,Custom error message 152,"Configuration, authorization or master data issue","Verify configuration, master data and user authorization",ZPP0152,ZTAB0152,High
ERR0159,WM,Custom error message 153,"Configuration, authorization or master data issue","Verify configuration, master data and user authorization",ZWM0153,ZTAB0153,Medium
ERR0160,SD,Custom error message 154,"Configuration, authorization or master data issue","Verify configuration, master data and user authorization",ZSD0154,ZTAB0154,Medium
ERR0161,QM,Custom error message 155,"Configuration, authorization or master data issue","Verify configuration, master data and user authorization",ZQM0155,ZTAB0155,Low
ERR0162,FI,Custom error message 156,"Configuration, authorization or master data issue","Verify configuration, master data and user authorization",ZFI0156,ZTAB0156,Medium
ERR0163,PP,Custom error message 157,"Configuration, authorization or master data issue","Verify configuration, master data and user authorization",ZPP0157,ZTAB0157,High
ERR0164,PP,Custom error message 158,"Configuration, authorization or master data issue","Verify configuration, master data and user authorization",ZPP0158,ZTAB0158,High
ERR0165,FI,Custom error message 159,"Configuration, authorization or master data issue","Verify configuration, master data and user authorization",ZFI0159,ZTAB0159,High
ERR0166,MM,Custom error message 160,"Configuration, authorization or master data issue","Verify configuration, master data and user authorization",ZMM0160,ZTAB0160,Low
ERR0167,WM,Custom error message 161,"Configuration, authorization or master data issue","Verify configuration, master data and user authorization",ZWM0161,ZTAB0161,Low
ERR0168,FI,Custom error message 162,"Configuration, authorization or master data issue","Verify configuration, master data and user authorization",ZFI0162,ZTAB0162,High
ERR0169,QM,Custom error message 163,"Configuration, authorization or master data issue","Verify configuration, master data and user authorization",ZQM0163,ZTAB0163,Low
ERR0170,WM,Custom error message 164,"Configuration, authorization or master data issue","Verify configuration, master data and user authorization",ZWM0164,ZTAB0164,High
ERR0171,QM,Custom error message 165,"Configuration, authorization or master data issue","Verify configuration, master data and user authorization",ZQM0165,ZTAB0165,High
ERR0172,SD,Custom error message 166,"Configuration, authorization or master data issue","Verify configuration, master data and user authorization",ZSD0166,ZTAB0166,Low
ERR0173,PP,Custom error message 167,"Configuration, authorization or master data issue","Verify configuration, master data and user authorization",ZPP0167,ZTAB0167,Low
ERR0174,FI,Custom error message 168,"Configuration, authorization or master data issue","Verify configuration, master data and user authorization",ZFI0168,ZTAB0168,High
ERR0175,QM,Custom error message 169,"Configuration, authorization or master data issue","Verify configuration, master data and user authorization",ZQM0169,ZTAB0169,Medium
ERR0176,PP,Custom error message 170,"Configuration, authorization or master data issue","Verify configuration, master data and user authorization",ZPP0170,ZTAB0170,Low
ERR0177,PP,Custom error message 171,"Configuration, authorization or master data issue","Verify configuration, master data and user authorization",ZPP0171,ZTAB0171,Low
ERR0178,QM,Custom error message 172,"Configuration, authorization or master data issue","Verify configuration, master data and user authorization",ZQM0172,ZTAB0172,Medium
ERR0179,MM,Custom error message 173,"Configuration, authorization or master data issue","Verify configuration, master data and user authorization",ZMM0173,ZTAB0173,Low
ERR0180,WM,Custom error message 174,"Configuration, authorization or master data issue","Verify configuration, master data and user authorization",ZWM0174,ZTAB0174,Medium
ERR0181,PP,Custom error message 175,"Configuration, authorization or master data issue","Verify configuration, master data and user authorization",ZPP0175,ZTAB0175,Low
ERR0182,MM,Custom error message 176,"Configuration, authorization or master data issue","Verify configuration, master data and user authorization",ZMM0176,ZTAB0176,Medium
ERR0183,PP,Custom error message 177,"Configuration, authorization or master data issue","Verify configuration, master data and user authorization",ZPP0177,ZTAB0177,Medium
ERR0184,QM,Custom error message 178,"Configuration, authorization or master data issue","Verify configuration, master data and user authorization",ZQM0178,ZTAB0178,High
ERR0185,FI,Custom error message 179,"Configuration, authorization or master data issue","Verify configuration, master data and user authorization",ZFI0179,ZTAB0179,High
ERR0186,PP,Custom error message 180,"Configuration, authorization or master data issue","Verify configuration, master data and user authorization",ZPP0180,ZTAB0180,High
ERR0187,PP,Custom error message 181,"Configuration, authorization or master data issue","Verify configuration, master data and user authorization",ZPP0181,ZTAB0181,Low
ERR0188,WM,Custom error message 182,"Configuration, authorization or master data issue","Verify configuration, master data and user authorization",ZWM0182,ZTAB0182,High
ERR0189,QM,Custom error message 183,"Configuration, authorization or master data issue","Verify configuration, master data and user authorization",ZQM0183,ZTAB0183,High
ERR0190,WM,Custom error message 184,"Configuration, authorization or master data issue","Verify configuration, master data and user authorization",ZWM0184,ZTAB0184,High
ERR0191,MM,Custom error message 185,"Configuration, authorization or master data issue","Verify configuration, master data and user authorization",ZMM0185,ZTAB0185,High
ERR0192,FI,Custom error message 186,"Configuration, authorization or master data issue","Verify configuration, master data and user authorization",ZFI0186,ZTAB0186,High
ERR0193,MM,Custom error message 187,"Configuration, authorization or master data issue","Verify configuration, master data and user authorization",ZMM0187,ZTAB0187,Low
ERR0194,MM,Custom error message 188,"Configuration, authorization or master data issue","Verify configuration, master data and user authorization",ZMM0188,ZTAB0188,Low
ERR0195,MM,Custom error message 189,"Configuration, authorization or master data issue","Verify configuration, master data and user authorization",ZMM0189,ZTAB0189,Low
ERR0196,QM,Custom error message 190,"Configuration, authorization or master data issue","Verify configuration, master data and user authorization",ZQM0190,ZTAB0190,Low
ERR0197,QM,Custom error message 191,"Configuration, authorization or master data issue","Verify configuration, master data and user authorization",ZQM0191,ZTAB0191,Medium
ERR0198,PP,Custom error message 192,"Configuration, authorization or master data issue","Verify configuration, master data and user authorization",ZPP0192,ZTAB0192,Medium
ERR0199,PP,Custom error message 193,"Configuration, authorization or master data issue","Verify configuration, master data and user authorization",ZPP0193,ZTAB0193,Low
ERR0200,SD,Custom error message 194,"Configuration, authorization or master data issue","Verify configuration, master data and user authorization",ZSD0194,ZTAB0194,Medium
ERR0201,FI,Custom error message 195,"Configuration, authorization or master data issue","Verify configuration, master data and user authorization",ZFI0195,ZTAB0195,Low
ERR0202,MM,Custom error message 196,"Configuration, authorization or master data issue","Verify configuration, master data and user authorization",ZMM0196,ZTAB0196,Medium
ERR0203,SD,Custom error message 197,"Configuration, authorization or master data issue","Verify configuration, master data and user authorization",ZSD0197,ZTAB0197,Medium
ERR0204,QM,Custom error message 198,"Configuration, authorization or master data issue","Verify configuration, master data and user authorization",ZQM0198,ZTAB0198,Low
ERR0205,QM,Custom error message 199,"Configuration, authorization or master data issue","Verify configuration, master data and user authorization",ZQM0199,ZTAB0199,Low
ERR0206,QM,Custom error message 200,"Configuration, authorization or master data issue","Verify configuration, master data and user authorization",ZQM0200,ZTAB0200,Medium
ERR0207,PP,Custom error message 201,"Configuration, authorization or master data issue","Verify configuration, master data and user authorization",ZPP0201,ZTAB0201,Medium
ERR0208,WM,Custom error message 202,"Configuration, authorization or master data issue","Verify configuration, master data and user authorization",ZWM0202,ZTAB0202,High
ERR0209,QM,Custom error message 203,"Configuration, authorization or master data issue","Verify configuration, master data and user authorization",ZQM0203,ZTAB0203,Medium
ERR0210,WM,Custom error message 204,"Configuration, authorization or master data issue","Verify configuration, master data and user authorization",ZWM0204,ZTAB0204,High
ERR0211,WM,Custom error message 205,"Configuration, authorization or master data issue","Verify configuration, master data and user authorization",ZWM0205,ZTAB0205,High
ERR0212,SD,Custom error message 206,"Configuration, authorization or master data issue","Verify configuration, master data and user authorization",ZSD0206,ZTAB0206,Low
ERR0213,PP,Custom error message 207,"Configuration, authorization or master data issue","Verify configuration, master data and user authorization",ZPP0207,ZTAB0207,Low
ERR0214,QM,Custom error message 208,"Configuration, authorization or master data issue","Verify configuration, master data and user authorization",ZQM0208,ZTAB0208,Low
ERR0215,PP,Custom error message 209,"Configuration, authorization or master data issue","Verify configuration, master data and user authorization",ZPP0209,ZTAB0209,High
ERR0216,FI,Custom error message 210,"Configuration, authorization or master data issue","Verify configuration, master data and user authorization",ZFI0210,ZTAB0210,Low
ERR0217,FI,Custom error message 211,"Configuration, authorization or master data issue","Verify configuration, master data and user authorization",ZFI0211,ZTAB0211,Low
ERR0218,QM,Custom error message 212,"Configuration, authorization or master data issue","Verify configuration, master data and user authorization",ZQM0212,ZTAB0212,Low
ERR0219,WM,Custom error message 213,"Configuration, authorization or master data issue","Verify configuration, master data and user authorization",ZWM0213,ZTAB0213,Low
ERR0220,QM,Custom error message 214,"Configuration, authorization or master data issue","Verify configuration, master data and user authorization",ZQM0214,ZTAB0214,High
ERR0221,WM,Custom error message 215,"Configuration, authorization or master data issue","Verify configuration, master data and user authorization",ZWM0215,ZTAB0215,Medium
ERR0222,QM,Custom error message 216,"Configuration, authorization or master data issue","Verify configuration, master data and user authorization",ZQM0216,ZTAB0216,Medium
ERR0223,QM,Custom error message 217,"Configuration, authorization or master data issue","Verify configuration, master data and user authorization",ZQM0217,ZTAB0217,High
ERR0224,WM,Custom error message 218,"Configuration, authorization or master data issue","Verify configuration, master data and user authorization",ZWM0218,ZTAB0218,High
ERR0225,FI,Custom error message 219,"Configuration, authorization or master data issue","Verify configuration, master data and user authorization",ZFI0219,ZTAB0219,Medium
ERR0226,WM,Custom error message 220,"Configuration, authorization or master data issue","Verify configuration, master data and user authorization",ZWM0220,ZTAB0220,Low
ERR0227,SD,Custom error message 221,"Configuration, authorization or master data issue","Verify configuration, master data and user authorization",ZSD0221,ZTAB0221,Low
ERR0228,PP,Custom error message 222,"Configuration, authorization or master data issue","Verify configuration, master data and user authorization",ZPP0222,ZTAB0222,High
ERR0229,PP,Custom error message 223,"Configuration, authorization or master data issue","Verify configuration, master data and user authorization",ZPP0223,ZTAB0223,Medium
ERR0230,FI,Custom error message 224,"Configuration, authorization or master data issue","Verify configuration, master data and user authorization",ZFI0224,ZTAB0224,Medium
ERR0231,QM,Custom error message 225,"Configuration, authorization or master data issue","Verify configuration, master data and user authorization",ZQM0225,ZTAB0225,Medium
ERR0232,PP,Custom error message 226,"Configuration, authorization or master data issue","Verify configuration, master data and user authorization",ZPP0226,ZTAB0226,Low
ERR0233,SD,Custom error message 227,"Configuration, authorization or master data issue","Verify configuration, master data and user authorization",ZSD0227,ZTAB0227,Low
ERR0234,QM,Custom error message 228,"Configuration, authorization or master data issue","Verify configuration, master data and user authorization",ZQM0228,ZTAB0228,Medium
ERR0235,MM,Custom error message 229,"Configuration, authorization or master data issue","Verify configuration, master data and user authorization",ZMM0229,ZTAB0229,Low
ERR0236,SD,Custom error message 230,"Configuration, authorization or master data issue","Verify configuration, master data and user authorization",ZSD0230,ZTAB0230,Medium
ERR0237,MM,Custom error message 231,"Configuration, authorization or master data issue","Verify configuration, master data and user authorization",ZMM0231,ZTAB0231,Medium
ERR0238,SD,Custom error message 232,"Configuration, authorization or master data issue","Verify configuration, master data and user authorization",ZSD0232,ZTAB0232,Low
ERR0239,SD,Custom error message 233,"Configuration, authorization or master data issue","Verify configuration, master data and user authorization",ZSD0233,ZTAB0233,Low
ERR0240,WM,Custom error message 234,"Configuration, authorization or master data issue","Verify configuration, master data and user authorization",ZWM0234,ZTAB0234,Low
ERR0241,FI,Custom error message 235,"Configuration, authorization or master data issue","Verify configuration, master data and user authorization",ZFI0235,ZTAB0235,High
ERR0242,WM,Custom error message 236,"Configuration, authorization or master data issue","Verify configuration, master data and user authorization",ZWM0236,ZTAB0236,High
ERR0243,QM,Custom error message 237,"Configuration, authorization or master data issue","Verify configuration, master data and user authorization",ZQM0237,ZTAB0237,Low
ERR0244,QM,Custom error message 238,"Configuration, authorization or master data issue","Verify configuration, master data and user authorization",ZQM0238,ZTAB0238,Medium
ERR0245,MM,Custom error message 239,"Configuration, authorization or master data issue","Verify configuration, master data and user authorization",ZMM0239,ZTAB0239,Low
ERR0246,MM,Custom error message 240,"Configuration, authorization or master data issue","Verify configuration, master data and user authorization",ZMM0240,ZTAB0240,Medium
ERR0247,MM,Custom error message 241,"Configuration, authorization or master data issue","Verify configuration, master data and user authorization",ZMM0241,ZTAB0241,Medium
ERR0248,FI,Custom error message 242,"Configuration, authorization or master data issue","Verify configuration, master data and user authorization",ZFI0242,ZTAB0242,High
ERR0249,SD,Custom error message 243,"Configuration, authorization or master data issue","Verify configuration, master data and user authorization",ZSD0243,ZTAB0243,High
ERR0250,FI,Custom error message 244,"Configuration, authorization or master data issue","Verify configuration, master data and user authorization",ZFI0244,ZTAB0244,Medium
ERR0251,MM,Custom error message 245,"Configuration, authorization or master data issue","Verify configuration, master data and user authorization",ZMM0245,ZTAB0245,Medium
ERR0252,WM,Custom error message 246,"Configuration, authorization or master data issue","Verify configuration, master data and user authorization",ZWM0246,ZTAB0246,High
ERR0253,SD,Custom error message 247,"Configuration, authorization or master data issue","Verify configuration, master data and user authorization",ZSD0247,ZTAB0247,Low
ERR0254,WM,Custom error message 248,"Configuration, authorization or master data issue","Verify configuration, master data and user authorization",ZWM0248,ZTAB0248,Low
ERR0255,WM,Custom error message 249,"Configuration, authorization or master data issue","Verify configuration, master data and user authorization",ZWM0249,ZTAB0249,High
ERR0256,FI,Custom error message 250,"Configuration, authorization or master data issue","Verify configuration, master data and user authorization",ZFI0250,ZTAB0250,Medium
ERR0257,FI,Custom error message 251,"Configuration, authorization or master data issue","Verify configuration, master data and user authorization",ZFI0251,ZTAB0251,Low
ERR0258,FI,Custom error message 252,"Configuration, authorization or master data issue","Verify configuration, master data and user authorization",ZFI0252,ZTAB0252,High
ERR0259,PP,Custom error message 253,"Configuration, authorization or master data issue","Verify configuration, master data and user authorization",ZPP0253,ZTAB0253,Low
ERR0260,MM,Custom error message 254,"Configuration, authorization or master data issue","Verify configuration, master data and user authorization",ZMM0254,ZTAB0254,High
ERR0261,MM,Custom error message 255,"Configuration, authorization or master data issue","Verify configuration, master data and user authorization",ZMM0255,ZTAB0255,Medium
ERR0262,QM,Custom error message 256,"Configuration, authorization or master data issue","Verify configuration, master data and user authorization",ZQM0256,ZTAB0256,Low
ERR0263,QM,Custom error message 257,"Configuration, authorization or master data issue","Verify configuration, master data and user authorization",ZQM0257,ZTAB0257,Medium
ERR0264,QM,Custom error message 258,"Configuration, authorization or master data issue","Verify configuration, master data and user authorization",ZQM0258,ZTAB0258,Low
ERR0265,SD,Custom error message 259,"Configuration, authorization or master data issue","Verify configuration, master data and user authorization",ZSD0259,ZTAB0259,High
ERR0266,SD,Custom error message 260,"Configuration, authorization or master data issue","Verify configuration, master data and user authorization",ZSD0260,ZTAB0260,Low
ERR0267,PP,Custom error message 261,"Configuration, authorization or master data issue","Verify configuration, master data and user authorization",ZPP0261,ZTAB0261,Low
ERR0268,SD,Custom error message 262,"Configuration, authorization or master data issue","Verify configuration, master data and user authorization",ZSD0262,ZTAB0262,Low
ERR0269,PP,Custom error message 263,"Configuration, authorization or master data issue","Verify configuration, master data and user authorization",ZPP0263,ZTAB0263,Medium
ERR0270,MM,Custom error message 264,"Configuration, authorization or master data issue","Verify configuration, master data and user authorization",ZMM0264,ZTAB0264,Low
ERR0271,FI,Custom error message 265,"Configuration, authorization or master data issue","Verify configuration, master data and user authorization",ZFI0265,ZTAB0265,Medium
ERR0272,QM,Custom error message 266,"Configuration, authorization or master data issue","Verify configuration, master data and user authorization",ZQM0266,ZTAB0266,Medium
ERR0273,FI,Custom error message 267,"Configuration, authorization or master data issue","Verify configuration, master data and user authorization",ZFI0267,ZTAB0267,High
ERR0274,MM,Custom error message 268,"Configuration, authorization or master data issue","Verify configuration, master data and user authorization",ZMM0268,ZTAB0268,Medium
ERR0275,FI,Custom error message 269,"Configuration, authorization or master data issue","Verify configuration, master data and user authorization",ZFI0269,ZTAB0269,Medium
ERR0276,FI,Custom error message 270,"Configuration, authorization or master data issue","Verify configuration, master data and user authorization",ZFI0270,ZTAB0270,Low
ERR0277,MM,Custom error message 271,"Configuration, authorization or master data issue","Verify configuration, master data and user authorization",ZMM0271,ZTAB0271,Medium
ERR0278,SD,Custom error message 272,"Configuration, authorization or master data issue","Verify configuration, master data and user authorization",ZSD0272,ZTAB0272,High
ERR0279,PP,Custom error message 273,"Configuration, authorization or master data issue","Verify configuration, master data and user authorization",ZPP0273,ZTAB0273,Medium
ERR0280,PP,Custom error message 274,"Configuration, authorization or master data issue","Verify configuration, master data and user authorization",ZPP0274,ZTAB0274,Medium
ERR0281,MM,Custom error message 275,"Configuration, authorization or master data issue","Verify configuration, master data and user authorization",ZMM0275,ZTAB0275,High
ERR0282,FI,Custom error message 276,"Configuration, authorization or master data issue","Verify configuration, master data and user authorization",ZFI0276,ZTAB0276,High
ERR0283,QM,Custom error message 277,"Configuration, authorization or master data issue","Verify configuration, master data and user authorization",ZQM0277,ZTAB0277,Low
ERR0284,QM,Custom error message 278,"Configuration, authorization or master data issue","Verify configuration, master data and user authorization",ZQM0278,ZTAB0278,Low
ERR0285,WM,Custom error message 279,"Configuration, authorization or master data issue","Verify configuration, master data and user authorization",ZWM0279,ZTAB0279,Medium
ERR0286,MM,Custom error message 280,"Configuration, authorization or master data issue","Verify configuration, master data and user authorization",ZMM0280,ZTAB0280,Low
ERR0287,PP,Custom error message 281,"Configuration, authorization or master data issue","Verify configuration, master data and user authorization",ZPP0281,ZTAB0281,Low
ERR0288,FI,Custom error message 282,"Configuration, authorization or master data issue","Verify configuration, master data and user authorization",ZFI0282,ZTAB0282,High
ERR0289,WM,Custom error message 283,"Configuration, authorization or master data issue","Verify configuration, master data and user authorization",ZWM0283,ZTAB0283,High
ERR0290,PP,Custom error message 284,"Configuration, authorization or master data issue","Verify configuration, master data and user authorization",ZPP0284,ZTAB0284,Low
ERR0291,PP,Custom error message 285,"Configuration, authorization or master data issue","Verify configuration, master data and user authorization",ZPP0285,ZTAB0285,High
ERR0292,MM,Custom error message 286,"Configuration, authorization or master data issue","Verify configuration, master data and user authorization",ZMM0286,ZTAB0286,Medium
ERR0293,MM,Custom error message 287,"Configuration, authorization or master data issue","Verify configuration, master data and user authorization",ZMM0287,ZTAB0287,Low
ERR0294,PP,Custom error message 288,"Configuration, authorization or master data issue","Verify configuration, master data and user authorization",ZPP0288,ZTAB0288,Medium
ERR0295,MM,Custom error message 289,"Configuration, authorization or master data issue","Verify configuration, master data and user authorization",ZMM0289,ZTAB0289,Low
ERR0296,SD,Custom error message 290,"Configuration, authorization or master data issue","Verify configuration, master data and user authorization",ZSD0290,ZTAB0290,High
ERR0297,WM,Custom error message 291,"Configuration, authorization or master data issue","Verify configuration, master data and user authorization",ZWM0291,ZTAB0291,Medium
ERR0298,QM,Custom error message 292,"Configuration, authorization or master data issue","Verify configuration, master data and user authorization",ZQM0292,ZTAB0292,High
ERR0299,QM,Custom error message 293,"Configuration, authorization or master data issue","Verify configuration, master data and user authorization",ZQM0293,ZTAB0293,Low
ERR0300,PP,Custom error message 294,"Configuration, authorization or master data issue","Verify configuration, master data and user authorization",ZPP0294,ZTAB0294,High
ERR0301,PP,Custom error message 295,"Configuration, authorization or master data issue","Verify configuration, master data and user authorization",ZPP0295,ZTAB0295,High
ERR0302,SD,Custom error message 296,"Configuration, authorization or master data issue","Verify configuration, master data and user authorization",ZSD0296,ZTAB0296,Medium
ERR0303,QM,Custom error message 297,"Configuration, authorization or master data issue","Verify configuration, master data and user authorization",ZQM0297,ZTAB0297,High
ERR0304,SD,Custom error message 298,"Configuration, authorization or master data issue","Verify configuration, master data and user authorization",ZSD0298,ZTAB0298,Medium
ERR0305,WM,Custom error message 299,"Configuration, authorization or master data issue","Verify configuration, master data and user authorization",ZWM0299,ZTAB0299,Medium
ERR0306,MM,Custom error message 300,"Configuration, authorization or master data issue","Verify configuration, master data and user authorization",ZMM0300,ZTAB0300,Low
ERR0307,MM,Custom error message 301,"Configuration, authorization or master data issue","Verify configuration, master data and user authorization",ZMM0301,ZTAB0301,Medium
ERR0308,WM,Custom error message 302,"Configuration, authorization or master data issue","Verify configuration, master data and user authorization",ZWM0302,ZTAB0302,Low
ERR0309,FI,Custom error message 303,"Configuration, authorization or master data issue","Verify configuration, master data and user authorization",ZFI0303,ZTAB0303,High
ERR0310,WM,Custom error message 304,"Configuration, authorization or master data issue","Verify configuration, master data and user authorization",ZWM0304,ZTAB0304,High
ERR0311,WM,Custom error message 305,"Configuration, authorization or master data issue","Verify configuration, master data and user authorization",ZWM0305,ZTAB0305,Low
ERR0312,WM,Custom error message 306,"Configuration, authorization or master data issue","Verify configuration, master data and user authorization",ZWM0306,ZTAB0306,Medium
ERR0313,PP,Custom error message 307,"Configuration, authorization or master data issue","Verify configuration, master data and user authorization",ZPP0307,ZTAB0307,High
ERR0314,PP,Custom error message 308,"Configuration, authorization or master data issue","Verify configuration, master data and user authorization",ZPP0308,ZTAB0308,Low
ERR0315,SD,Custom error message 309,"Configuration, authorization or master data issue","Verify configuration, master data and user authorization",ZSD0309,ZTAB0309,Low
ERR0316,WM,Custom error message 310,"Configuration, authorization or master data issue","Verify configuration, master data and user authorization",ZWM0310,ZTAB0310,Low
ERR0317,QM,Custom error message 311,"Configuration, authorization or master data issue","Verify configuration, master data and user authorization",ZQM0311,ZTAB0311,Medium
ERR0318,WM,Custom error message 312,"Configuration, authorization or master data issue","Verify configuration, master data and user authorization",ZWM0312,ZTAB0312,High
ERR0319,SD,Custom error message 313,"Configuration, authorization or master data issue","Verify configuration, master data and user authorization",ZSD0313,ZTAB0313,High
ERR0320,QM,Custom error message 314,"Configuration, authorization or master data issue","Verify configuration, master data and user authorization",ZQM0314,ZTAB0314,High
ERR0321,QM,Custom error message 315,"Configuration, authorization or master data issue","Verify configuration, master data and user authorization",ZQM0315,ZTAB0315,Medium
ERR0322,FI,Custom error message 316,"Configuration, authorization or master data issue","Verify configuration, master data and user authorization",ZFI0316,ZTAB0316,High
ERR0323,WM,Custom error message 317,"Configuration, authorization or master data issue","Verify configuration, master data and user authorization",ZWM0317,ZTAB0317,Medium
ERR0324,SD,Custom error message 318,"Configuration, authorization or master data issue","Verify configuration, master data and user authorization",ZSD0318,ZTAB0318,Low
ERR0325,WM,Custom error message 319,"Configuration, authorization or master data issue","Verify configuration, master data and user authorization",ZWM0319,ZTAB0319,Low
ERR0326,WM,Custom error message 320,"Configuration, authorization or master data issue","Verify configuration, master data and user authorization",ZWM0320,ZTAB0320,High
ERR0327,MM,Custom error message 321,"Configuration, authorization or master data issue","Verify configuration, master data and user authorization",ZMM0321,ZTAB0321,High
ERR0328,SD,Custom error message 322,"Configuration, authorization or master data issue","Verify configuration, master data and user authorization",ZSD0322,ZTAB0322,Low
ERR0329,SD,Custom error message 323,"Configuration, authorization or master data issue","Verify configuration, master data and user authorization",ZSD0323,ZTAB0323,High
ERR0330,WM,Custom error message 324,"Configuration, authorization or master data issue","Verify configuration, master data and user authorization",ZWM0324,ZTAB0324,Low
ERR0331,WM,Custom error message 325,"Configuration, authorization or master data issue","Verify configuration, master data and user authorization",ZWM0325,ZTAB0325,Low
ERR0332,SD,Custom error message 326,"Configuration, authorization or master data issue","Verify configuration, master data and user authorization",ZSD0326,ZTAB0326,High
ERR0333,WM,Custom error message 327,"Configuration, authorization or master data issue","Verify configuration, master data and user authorization",ZWM0327,ZTAB0327,High
ERR0334,QM,Custom error message 328,"Configuration, authorization or master data issue","Verify configuration, master data and user authorization",ZQM0328,ZTAB0328,Medium
ERR0335,WM,Custom error message 329,"Configuration, authorization or master data issue","Verify configuration, master data and user authorization",ZWM0329,ZTAB0329,High
ERR0336,PP,Custom error message 330,"Configuration, authorization or master data issue","Verify configuration, master data and user authorization",ZPP0330,ZTAB0330,High
ERR0337,SD,Custom error message 331,"Configuration, authorization or master data issue","Verify configuration, master data and user authorization",ZSD0331,ZTAB0331,Medium
ERR0338,SD,Custom error message 332,"Configuration, authorization or master data issue","Verify configuration, master data and user authorization",ZSD0332,ZTAB0332,Medium
ERR0339,SD,Custom error message 333,"Configuration, authorization or master data issue","Verify configuration, master data and user authorization",ZSD0333,ZTAB0333,Medium
ERR0340,WM,Custom error message 334,"Configuration, authorization or master data issue","Verify configuration, master data and user authorization",ZWM0334,ZTAB0334,Medium
ERR0341,FI,Custom error message 335,"Configuration, authorization or master data issue","Verify configuration, master data and user authorization",ZFI0335,ZTAB0335,Low
ERR0342,FI,Custom error message 336,"Configuration, authorization or master data issue","Verify configuration, master data and user authorization",ZFI0336,ZTAB0336,Low
ERR0343,WM,Custom error message 337,"Configuration, authorization or master data issue","Verify configuration, master data and user authorization",ZWM0337,ZTAB0337,High
ERR0344,WM,Custom error message 338,"Configuration, authorization or master data issue","Verify configuration, master data and user authorization",ZWM0338,ZTAB0338,High
ERR0345,FI,Custom error message 339,"Configuration, authorization or master data issue","Verify configuration, master data and user authorization",ZFI0339,ZTAB0339,Medium
ERR0346,WM,Custom error message 340,"Configuration, authorization or master data issue","Verify configuration, master data and user authorization",ZWM0340,ZTAB0340,Low
ERR0347,QM,Custom error message 341,"Configuration, authorization or master data issue","Verify configuration, master data and user authorization",ZQM0341,ZTAB0341,Low
ERR0348,QM,Custom error message 342,"Configuration, authorization or master data issue","Verify configuration, master data and user authorization",ZQM0342,ZTAB0342,Medium
ERR0349,PP,Custom error message 343,"Configuration, authorization or master data issue","Verify configuration, master data and user authorization",ZPP0343,ZTAB0343,Low
ERR0350,SD,Custom error message 344,"Configuration, authorization or master data issue","Verify configuration, master data and user authorization",ZSD0344,ZTAB0344,High
ERR0351,MM,Custom error message 345,"Configuration, authorization or master data issue","Verify configuration, master data and user authorization",ZMM0345,ZTAB0345,Medium
ERR0352,SD,Custom error message 346,"Configuration, authorization or master data issue","Verify configuration, master data and user authorization",ZSD0346,ZTAB0346,Low
ERR0353,MM,Custom error message 347,"Configuration, authorization or master data issue","Verify configuration, master data and user authorization",ZMM0347,ZTAB0347,Medium
ERR0354,FI,Custom error message 348,"Configuration, authorization or master data issue","Verify configuration, master data and user authorization",ZFI0348,ZTAB0348,Medium
ERR0355,PP,Custom error message 349,"Configuration, authorization or master data issue","Verify configuration, master data and user authorization",ZPP0349,ZTAB0349,Medium
ERR0356,FI,Custom error message 350,"Configuration, authorization or master data issue","Verify configuration, master data and user authorization",ZFI0350,ZTAB0350,Medium
ERR0357,PP,Custom error message 351,"Configuration, authorization or master data issue","Verify configuration, master data and user authorization",ZPP0351,ZTAB0351,Medium
ERR0358,PP,Custom error message 352,"Configuration, authorization or master data issue","Verify configuration, master data and user authorization",ZPP0352,ZTAB0352,Low
ERR0359,SD,Custom error message 353,"Configuration, authorization or master data issue","Verify configuration, master data and user authorization",ZSD0353,ZTAB0353,Medium
ERR0360,QM,Custom error message 354,"Configuration, authorization or master data issue","Verify configuration, master data and user authorization",ZQM0354,ZTAB0354,Low
ERR0361,QM,Custom error message 355,"Configuration, authorization or master data issue","Verify configuration, master data and user authorization",ZQM0355,ZTAB0355,Medium
ERR0362,MM,Custom error message 356,"Configuration, authorization or master data issue","Verify configuration, master data and user authorization",ZMM0356,ZTAB0356,Medium
ERR0363,WM,Custom error message 357,"Configuration, authorization or master data issue","Verify configuration, master data and user authorization",ZWM0357,ZTAB0357,Medium
ERR0364,FI,Custom error message 358,"Configuration, authorization or master data issue","Verify configuration, master data and user authorization",ZFI0358,ZTAB0358,High
ERR0365,QM,Custom error message 359,"Configuration, authorization or master data issue","Verify configuration, master data and user authorization",ZQM0359,ZTAB0359,Low
ERR0366,FI,Custom error message 360,"Configuration, authorization or master data issue","Verify configuration, master data and user authorization",ZFI0360,ZTAB0360,Low
ERR0367,QM,Custom error message 361,"Configuration, authorization or master data issue","Verify configuration, master data and user authorization",ZQM0361,ZTAB0361,Low
ERR0368,PP,Custom error message 362,"Configuration, authorization or master data issue","Verify configuration, master data and user authorization",ZPP0362,ZTAB0362,Medium
ERR0369,MM,Custom error message 363,"Configuration, authorization or master data issue","Verify configuration, master data and user authorization",ZMM0363,ZTAB0363,Low
ERR0370,MM,Custom error message 364,"Configuration, authorization or master data issue","Verify configuration, master data and user authorization",ZMM0364,ZTAB0364,Medium
ERR0371,SD,Custom error message 365,"Configuration, authorization or master data issue","Verify configuration, master data and user authorization",ZSD0365,ZTAB0365,Low
ERR0372,MM,Custom error message 366,"Configuration, authorization or master data issue","Verify configuration, master data and user authorization",ZMM0366,ZTAB0366,High
ERR0373,MM,Custom error message 367,"Configuration, authorization or master data issue","Verify configuration, master data and user authorization",ZMM0367,ZTAB0367,Medium
ERR0374,PP,Custom error message 368,"Configuration, authorization or master data issue","Verify configuration, master data and user authorization",ZPP0368,ZTAB0368,Medium
ERR0375,MM,Custom error message 369,"Configuration, authorization or master data issue","Verify configuration, master data and user authorization",ZMM0369,ZTAB0369,Medium
ERR0376,MM,Custom error message 370,"Configuration, authorization or master data issue","Verify configuration, master data and user authorization",ZMM0370,ZTAB0370,Medium
ERR0377,MM,Custom error message 371,"Configuration, authorization or master data issue","Verify configuration, master data and user authorization",ZMM0371,ZTAB0371,Medium
ERR0378,PP,Custom error message 372,"Configuration, authorization or master data issue","Verify configuration, master data and user authorization",ZPP0372,ZTAB0372,High
ERR0379,FI,Custom error message 373,"Configuration, authorization or master data issue","Verify configuration, master data and user authorization",ZFI0373,ZTAB0373,High
ERR0380,MM,Custom error message 374,"Configuration, authorization or master data issue","Verify configuration, master data and user authorization",ZMM0374,ZTAB0374,High
ERR0381,FI,Custom error message 375,"Configuration, authorization or master data issue","Verify configuration, master data and user authorization",ZFI0375,ZTAB0375,Low
ERR0382,FI,Custom error message 376,"Configuration, authorization or master data issue","Verify configuration, master data and user authorization",ZFI0376,ZTAB0376,Medium
ERR0383,MM,Custom error message 377,"Configuration, authorization or master data issue","Verify configuration, master data and user authorization",ZMM0377,ZTAB0377,Medium
ERR0384,WM,Custom error message 378,"Configuration, authorization or master data issue","Verify configuration, master data and user authorization",ZWM0378,ZTAB0378,Low
ERR0385,QM,Custom error message 379,"Configuration, authorization or master data issue","Verify configuration, master data and user authorization",ZQM0379,ZTAB0379,Medium
ERR0386,FI,Custom error message 380,"Configuration, authorization or master data issue","Verify configuration, master data and user authorization",ZFI0380,ZTAB0380,High
ERR0387,QM,Custom error message 381,"Configuration, authorization or master data issue","Verify configuration, master data and user authorization",ZQM0381,ZTAB0381,High
ERR0388,PP,Custom error message 382,"Configuration, authorization or master data issue","Verify configuration, master data and user authorization",ZPP0382,ZTAB0382,Medium
ERR0389,QM,Custom error message 383,"Configuration, authorization or master data issue","Verify configuration, master data and user authorization",ZQM0383,ZTAB0383,Medium
ERR0390,WM,Custom error message 384,"Configuration, authorization or master data issue","Verify configuration, master data and user authorization",ZWM0384,ZTAB0384,Medium
ERR0391,WM,Custom error message 385,"Configuration, authorization or master data issue","Verify configuration, master data and user authorization",ZWM0385,ZTAB0385,Low
ERR0392,PP,Custom error message 386,"Configuration, authorization or master data issue","Verify configuration, master data and user authorization",ZPP0386,ZTAB0386,High
ERR0393,WM,Custom error message 387,"Configuration, authorization or master data issue","Verify configuration, master data and user authorization",ZWM0387,ZTAB0387,Low
ERR0394,MM,Custom error message 388,"Configuration, authorization or master data issue","Verify configuration, master data and user authorization",ZMM0388,ZTAB0388,High
ERR0395,MM,Custom error message 389,"Configuration, authorization or master data issue","Verify configuration, master data and user authorization",ZMM0389,ZTAB0389,High
ERR0396,WM,Custom error message 390,"Configuration, authorization or master data issue","Verify configuration, master data and user authorization",ZWM0390,ZTAB0390,Medium
ERR0397,MM,Custom error message 391,"Configuration, authorization or master data issue","Verify configuration, master data and user authorization",ZMM0391,ZTAB0391,High
ERR0398,SD,Custom error message 392,"Configuration, authorization or master data issue","Verify configuration, master data and user authorization",ZSD0392,ZTAB0392,High
ERR0399,QM,Custom error message 393,"Configuration, authorization or master data issue","Verify configuration, master data and user authorization",ZQM0393,ZTAB0393,High
ERR0400,FI,Custom error message 394,"Configuration, authorization or master data issue","Verify configuration, master data and user authorization",ZFI0394,ZTAB0394,Low
ERR0401,FI,Custom error message 395,"Configuration, authorization or master data issue","Verify configuration, master data and user authorization",ZFI0395,ZTAB0395,Low
ERR0402,WM,Custom error message 396,"Configuration, authorization or master data issue","Verify configuration, master data and user authorization",ZWM0396,ZTAB0396,Low
ERR0403,FI,Custom error message 397,"Configuration, authorization or master data issue","Verify configuration, master data and user authorization",ZFI0397,ZTAB0397,High
ERR0404,PP,Custom error message 398,"Configuration, authorization or master data issue","Verify configuration, master data and user authorization",ZPP0398,ZTAB0398,Low
ERR0405,SD,Custom error message 399,"Configuration, authorization or master data issue","Verify configuration, master data and user authorization",ZSD0399,ZTAB0399,Medium
ERR0406,WM,Custom error message 400,"Configuration, authorization or master data issue","Verify configuration, master data and user authorization",ZWM0400,ZTAB0400,Low
ERR0407,WM,Custom error message 401,"Configuration, authorization or master data issue","Verify configuration, master data and user authorization",ZWM0401,ZTAB0401,Medium
ERR0408,FI,Custom error message 402,"Configuration, authorization or master data issue","Verify configuration, master data and user authorization",ZFI0402,ZTAB0402,Low
ERR0409,PP,Custom error message 403,"Configuration, authorization or master data issue","Verify configuration, master data and user authorization",ZPP0403,ZTAB0403,Low
ERR0410,SD,Custom error message 404,"Configuration, authorization or master data issue","Verify configuration, master data and user authorization",ZSD0404,ZTAB0404,Medium
ERR0411,SD,Custom error message 405,"Configuration, authorization or master data issue","Verify configuration, master data and user authorization",ZSD0405,ZTAB0405,Low
ERR0412,MM,Custom error message 406,"Configuration, authorization or master data issue","Verify configuration, master data and user authorization",ZMM0406,ZTAB0406,Medium
ERR0413,MM,Custom error message 407,"Configuration, authorization or master data issue","Verify configuration, master data and user authorization",ZMM0407,ZTAB0407,Medium
ERR0414,QM,Custom error message 408,"Configuration, authorization or master data issue","Verify configuration, master data and user authorization",ZQM0408,ZTAB0408,Low
ERR0415,FI,Custom error message 409,"Configuration, authorization or master data issue","Verify configuration, master data and user authorization",ZFI0409,ZTAB0409,Medium
ERR0416,SD,Custom error message 410,"Configuration, authorization or master data issue","Verify configuration, master data and user authorization",ZSD0410,ZTAB0410,Low
ERR0417,FI,Custom error message 411,"Configuration, authorization or master data issue","Verify configuration, master data and user authorization",ZFI0411,ZTAB0411,High
ERR0418,PP,Custom error message 412,"Configuration, authorization or master data issue","Verify configuration, master data and user authorization",ZPP0412,ZTAB0412,Medium
ERR0419,SD,Custom error message 413,"Configuration, authorization or master data issue","Verify configuration, master data and user authorization",ZSD0413,ZTAB0413,High
ERR0420,QM,Custom error message 414,"Configuration, authorization or master data issue","Verify configuration, master data and user authorization",ZQM0414,ZTAB0414,Low
ERR0421,WM,Custom error message 415,"Configuration, authorization or master data issue","Verify configuration, master data and user authorization",ZWM0415,ZTAB0415,Medium
ERR0422,PP,Custom error message 416,"Configuration, authorization or master data issue","Verify configuration, master data and user authorization",ZPP0416,ZTAB0416,Low
ERR0423,SD,Custom error message 417,"Configuration, authorization or master data issue","Verify configuration, master data and user authorization",ZSD0417,ZTAB0417,High
ERR0424,MM,Custom error message 418,"Configuration, authorization or master data issue","Verify configuration, master data and user authorization",ZMM0418,ZTAB0418,Low
ERR0425,SD,Custom error message 419,"Configuration, authorization or master data issue","Verify configuration, master data and user authorization",ZSD0419,ZTAB0419,Medium
ERR0426,QM,Custom error message 420,"Configuration, authorization or master data issue","Verify configuration, master data and user authorization",ZQM0420,ZTAB0420,Medium
ERR0427,SD,Custom error message 421,"Configuration, authorization or master data issue","Verify configuration, master data and user authorization",ZSD0421,ZTAB0421,Low
ERR0428,FI,Custom error message 422,"Configuration, authorization or master data issue","Verify configuration, master data and user authorization",ZFI0422,ZTAB0422,Medium
ERR0429,QM,Custom error message 423,"Configuration, authorization or master data issue","Verify configuration, master data and user authorization",ZQM0423,ZTAB0423,Medium
ERR0430,PP,Custom error message 424,"Configuration, authorization or master data issue","Verify configuration, master data and user authorization",ZPP0424,ZTAB0424,Medium
ERR0431,PP,Custom error message 425,"Configuration, authorization or master data issue","Verify configuration, master data and user authorization",ZPP0425,ZTAB0425,Low
ERR0432,WM,Custom error message 426,"Configuration, authorization or master data issue","Verify configuration, master data and user authorization",ZWM0426,ZTAB0426,Medium
ERR0433,PP,Custom error message 427,"Configuration, authorization or master data issue","Verify configuration, master data and user authorization",ZPP0427,ZTAB0427,Medium
ERR0434,SD,Custom error message 428,"Configuration, authorization or master data issue","Verify configuration, master data and user authorization",ZSD0428,ZTAB0428,Medium
ERR0435,PP,Custom error message 429,"Configuration, authorization or master data issue","Verify configuration, master data and user authorization",ZPP0429,ZTAB0429,Low
ERR0436,SD,Custom error message 430,"Configuration, authorization or master data issue","Verify configuration, master data and user authorization",ZSD0430,ZTAB0430,High
ERR0437,FI,Custom error message 431,"Configuration, authorization or master data issue","Verify configuration, master data and user authorization",ZFI0431,ZTAB0431,Medium
ERR0438,QM,Custom error message 432,"Configuration, authorization or master data issue","Verify configuration, master data and user authorization",ZQM0432,ZTAB0432,Low
ERR0439,SD,Custom error message 433,"Configuration, authorization or master data issue","Verify configuration, master data and user authorization",ZSD0433,ZTAB0433,Medium
ERR0440,PP,Custom error message 434,"Configuration, authorization or master data issue","Verify configuration, master data and user authorization",ZPP0434,ZTAB0434,High
ERR0441,PP,Custom error message 435,"Configuration, authorization or master data issue","Verify configuration, master data and user authorization",ZPP0435,ZTAB0435,Low
ERR0442,MM,Custom error message 436,"Configuration, authorization or master data issue","Verify configuration, master data and user authorization",ZMM0436,ZTAB0436,Low
ERR0443,SD,Custom error message 437,"Configuration, authorization or master data issue","Verify configuration, master data and user authorization",ZSD0437,ZTAB0437,High
ERR0444,FI,Custom error message 438,"Configuration, authorization or master data issue","Verify configuration, master data and user authorization",ZFI0438,ZTAB0438,Medium
ERR0445,FI,Custom error message 439,"Configuration, authorization or master data issue","Verify configuration, master data and user authorization",ZFI0439,ZTAB0439,High
ERR0446,FI,Custom error message 440,"Configuration, authorization or master data issue","Verify configuration, master data and user authorization",ZFI0440,ZTAB0440,Medium
ERR0447,MM,Custom error message 441,"Configuration, authorization or master data issue","Verify configuration, master data and user authorization",ZMM0441,ZTAB0441,Low
ERR0448,QM,Custom error message 442,"Configuration, authorization or master data issue","Verify configuration, master data and user authorization",ZQM0442,ZTAB0442,Medium
ERR0449,SD,Custom error message 443,"Configuration, authorization or master data issue","Verify configuration, master data and user authorization",ZSD0443,ZTAB0443,Low
ERR0450,FI,Custom error message 444,"Configuration, authorization or master data issue","Verify configuration, master data and user authorization",ZFI0444,ZTAB0444,Low
ERR0451,MM,Custom error message 445,"Configuration, authorization or master data issue","Verify configuration, master data and user authorization",ZMM0445,ZTAB0445,Low
ERR0452,FI,Custom error message 446,"Configuration, authorization or master data issue","Verify configuration, master data and user authorization",ZFI0446,ZTAB0446,Low
ERR0453,MM,Custom error message 447,"Configuration, authorization or master data issue","Verify configuration, master data and user authorization",ZMM0447,ZTAB0447,High
ERR0454,MM,Custom error message 448,"Configuration, authorization or master data issue","Verify configuration, master data and user authorization",ZMM0448,ZTAB0448,High
ERR0455,FI,Custom error message 449,"Configuration, authorization or master data issue","Verify configuration, master data and user authorization",ZFI0449,ZTAB0449,Low
ERR0456,SD,Custom error message 450,"Configuration, authorization or master data issue","Verify configuration, master data and user authorization",ZSD0450,ZTAB0450,High
ERR0457,MM,Custom error message 451,"Configuration, authorization or master data issue","Verify configuration, master data and user authorization",ZMM0451,ZTAB0451,Medium
ERR0458,FI,Custom error message 452,"Configuration, authorization or master data issue","Verify configuration, master data and user authorization",ZFI0452,ZTAB0452,Low
ERR0459,QM,Custom error message 453,"Configuration, authorization or master data issue","Verify configuration, master data and user authorization",ZQM0453,ZTAB0453,Medium
ERR0460,MM,Custom error message 454,"Configuration, authorization or master data issue","Verify configuration, master data and user authorization",ZMM0454,ZTAB0454,Medium
ERR0461,PP,Custom error message 455,"Configuration, authorization or master data issue","Verify configuration, master data and user authorization",ZPP0455,ZTAB0455,Medium
ERR0462,PP,Custom error message 456,"Configuration, authorization or master data issue","Verify configuration, master data and user authorization",ZPP0456,ZTAB0456,Low
ERR0463,FI,Custom error message 457,"Configuration, authorization or master data issue","Verify configuration, master data and user authorization",ZFI0457,ZTAB0457,High
ERR0464,SD,Custom error message 458,"Configuration, authorization or master data issue","Verify configuration, master data and user authorization",ZSD0458,ZTAB0458,High
ERR0465,FI,Custom error message 459,"Configuration, authorization or master data issue","Verify configuration, master data and user authorization",ZFI0459,ZTAB0459,Medium
ERR0466,QM,Custom error message 460,"Configuration, authorization or master data issue","Verify configuration, master data and user authorization",ZQM0460,ZTAB0460,Medium
ERR0467,SD,Custom error message 461,"Configuration, authorization or master data issue","Verify configuration, master data and user authorization",ZSD0461,ZTAB0461,Low
ERR0468,PP,Custom error message 462,"Configuration, authorization or master data issue","Verify configuration, master data and user authorization",ZPP0462,ZTAB0462,High
ERR0469,PP,Custom error message 463,"Configuration, authorization or master data issue","Verify configuration, master data and user authorization",ZPP0463,ZTAB0463,Medium
ERR0470,MM,Custom error message 464,"Configuration, authorization or master data issue","Verify configuration, master data and user authorization",ZMM0464,ZTAB0464,Low
ERR0471,FI,Custom error message 465,"Configuration, authorization or master data issue","Verify configuration, master data and user authorization",ZFI0465,ZTAB0465,High
ERR0472,QM,Custom error message 466,"Configuration, authorization or master data issue","Verify configuration, master data and user authorization",ZQM0466,ZTAB0466,Low
ERR0473,QM,Custom error message 467,"Configuration, authorization or master data issue","Verify configuration, master data and user authorization",ZQM0467,ZTAB0467,Low
ERR0474,MM,Custom error message 468,"Configuration, authorization or master data issue","Verify configuration, master data and user authorization",ZMM0468,ZTAB0468,High
ERR0475,FI,Custom error message 469,"Configuration, authorization or master data issue","Verify configuration, master data and user authorization",ZFI0469,ZTAB0469,Low
ERR0476,SD,Custom error message 470,"Configuration, authorization or master data issue","Verify configuration, master data and user authorization",ZSD0470,ZTAB0470,High
ERR0477,WM,Custom error message 471,"Configuration, authorization or master data issue","Verify configuration, master data and user authorization",ZWM0471,ZTAB0471,Low
ERR0478,WM,Custom error message 472,"Configuration, authorization or master data issue","Verify configuration, master data and user authorization",ZWM0472,ZTAB0472,Low
ERR0479,PP,Custom error message 473,"Configuration, authorization or master data issue","Verify configuration, master data and user authorization",ZPP0473,ZTAB0473,High
ERR0480,WM,Custom error message 474,"Configuration, authorization or master data issue","Verify configuration, master data and user authorization",ZWM0474,ZTAB0474,Medium
ERR0481,QM,Custom error message 475,"Configuration, authorization or master data issue","Verify configuration, master data and user authorization",ZQM0475,ZTAB0475,Low
ERR0482,SD,Custom error message 476,"Configuration, authorization or master data issue","Verify configuration, master data and user authorization",ZSD0476,ZTAB0476,Medium
ERR0483,FI,Custom error message 477,"Configuration, authorization or master data issue","Verify configuration, master data and user authorization",ZFI0477,ZTAB0477,Medium
ERR0484,MM,Custom error message 478,"Configuration, authorization or master data issue","Verify configuration, master data and user authorization",ZMM0478,ZTAB0478,Low
ERR0485,FI,Custom error message 479,"Configuration, authorization or master data issue","Verify configuration, master data and user authorization",ZFI0479,ZTAB0479,High
ERR0486,PP,Custom error message 480,"Configuration, authorization or master data issue","Verify configuration, master data and user authorization",ZPP0480,ZTAB0480,Medium
ERR0487,SD,Custom error message 481,"Configuration, authorization or master data issue","Verify configuration, master data and user authorization",ZSD0481,ZTAB0481,High
ERR0488,WM,Custom error message 482,"Configuration, authorization or master data issue","Verify configuration, master data and user authorization",ZWM0482,ZTAB0482,Medium
ERR0489,PP,Custom error message 483,"Configuration, authorization or master data issue","Verify configuration, master data and user authorization",ZPP0483,ZTAB0483,Medium
ERR0490,WM,Custom error message 484,"Configuration, authorization or master data issue","Verify configuration, master data and user authorization",ZWM0484,ZTAB0484,High
ERR0491,QM,Custom error message 485,"Configuration, authorization or master data issue","Verify configuration, master data and user authorization",ZQM0485,ZTAB0485,Medium
ERR0492,MM,Custom error message 486,"Configuration, authorization or master data issue","Verify configuration, master data and user authorization",ZMM0486,ZTAB0486,Medium
ERR0493,SD,Custom error message 487,"Configuration, authorization or master data issue","Verify configuration, master data and user authorization",ZSD0487,ZTAB0487,Low
ERR0494,SD,Custom error message 488,"Configuration, authorization or master data issue","Verify configuration, master data and user authorization",ZSD0488,ZTAB0488,Medium
ERR0495,MM,Custom error message 489,"Configuration, authorization or master data issue","Verify configuration, master data and user authorization",ZMM0489,ZTAB0489,High
ERR0496,QM,Custom error message 490,"Configuration, authorization or master data issue","Verify configuration, master data and user authorization",ZQM0490,ZTAB0490,Medium
ERR0497,WM,Custom error message 491,"Configuration, authorization or master data issue","Verify configuration, master data and user authorization",ZWM0491,ZTAB0491,Medium
ERR0498,WM,Custom error message 492,"Configuration, authorization or master data issue","Verify configuration, master data and user authorization",ZWM0492,ZTAB0492,Medium
ERR0499,SD,Custom error message 493,"Configuration, authorization or master data issue","Verify configuration, master data and user authorization",ZSD0493,ZTAB0493,Low
ERR0500,WM,Custom error message 494,"Configuration, authorization or master data issue","Verify configuration, master data and user authorization",ZWM0494,ZTAB0494,Medium
ERR0501,FI,Custom error message 495,"Configuration, authorization or master data issue","Verify configuration, master data and user authorization",ZFI0495,ZTAB0495,Medium
ERR0502,PP,Custom error message 496,"Configuration, authorization or master data issue","Verify configuration, master data and user authorization",ZPP0496,ZTAB0496,High
ERR0503,PP,Custom error message 497,"Configuration, authorization or master data issue","Verify configuration, master data and user authorization",ZPP0497,ZTAB0497,Medium
ERR0504,FI,Custom error message 498,"Configuration, authorization or master data issue","Verify configuration, master data and user authorization",ZFI0498,ZTAB0498,Low
ERR0505,SD,Custom error message 499,"Configuration, authorization or master data issue","Verify configuration, master data and user authorization",ZSD0499,ZTAB0499,High
ERR0506,QM,Custom error message 500,"Configuration, authorization or master data issue","Verify configuration, master data and user authorization",ZQM0500,ZTAB0500,Medium
ERR0507,PP,Custom error message 501,"Configuration, authorization or master data issue","Verify configuration, master data and user authorization",ZPP0501,ZTAB0501,Medium
ERR0508,SD,Custom error message 502,"Configuration, authorization or master data issue","Verify configuration, master data and user authorization",ZSD0502,ZTAB0502,Low
ERR0509,QM,Custom error message 503,"Configuration, authorization or master data issue","Verify configuration, master data and user authorization",ZQM0503,ZTAB0503,Medium
ERR0510,MM,Custom error message 504,"Configuration, authorization or master data issue","Verify configuration, master data and user authorization",ZMM0504,ZTAB0504,Medium
ERR0511,SD,Custom error message 505,"Configuration, authorization or master data issue","Verify configuration, master data and user authorization",ZSD0505,ZTAB0505,High
ERR0512,QM,Custom error message 506,"Configuration, authorization or master data issue","Verify configuration, master data and user authorization",ZQM0506,ZTAB0506,High
ERR0513,SD,Custom error message 507,"Configuration, authorization or master data issue","Verify configuration, master data and user authorization",ZSD0507,ZTAB0507,High
ERR0514,QM,Custom error message 508,"Configuration, authorization or master data issue","Verify configuration, master data and user authorization",ZQM0508,ZTAB0508,Low
ERR0515,SD,Custom error message 509,"Configuration, authorization or master data issue","Verify configuration, master data and user authorization",ZSD0509,ZTAB0509,Low
ERR0516,WM,Custom error message 510,"Configuration, authorization or master data issue","Verify configuration, master data and user authorization",ZWM0510,ZTAB0510,Medium
ERR0517,QM,Custom error message 511,"Configuration, authorization or master data issue","Verify configuration, master data and user authorization",ZQM0511,ZTAB0511,Medium
ERR0518,PP,Custom error message 512,"Configuration, authorization or master data issue","Verify configuration, master data and user authorization",ZPP0512,ZTAB0512,High
ERR0519,SD,Custom error message 513,"Configuration, authorization or master data issue","Verify configuration, master data and user authorization",ZSD0513,ZTAB0513,High
ERR0520,WM,Custom error message 514,"Configuration, authorization or master data issue","Verify configuration, master data and user authorization",ZWM0514,ZTAB0514,High
ERR0521,MM,Custom error message 515,"Configuration, authorization or master data issue","Verify configuration, master data and user authorization",ZMM0515,ZTAB0515,Medium
ERR0522,PP,Custom error message 516,"Configuration, authorization or master data issue","Verify configuration, master data and user authorization",ZPP0516,ZTAB0516,High
ERR0523,FI,Custom error message 517,"Configuration, authorization or master data issue","Verify configuration, master data and user authorization",ZFI0517,ZTAB0517,Medium
ERR0524,PP,Custom error message 518,"Configuration, authorization or master data issue","Verify configuration, master data and user authorization",ZPP0518,ZTAB0518,Low
ERR0525,FI,Custom error message 519,"Configuration, authorization or master data issue","Verify configuration, master data and user authorization",ZFI0519,ZTAB0519,Medium
ERR0526,MM,Custom error message 520,"Configuration, authorization or master data issue","Verify configuration, master data and user authorization",ZMM0520,ZTAB0520,Medium
ERR0527,SD,Custom error message 521,"Configuration, authorization or master data issue","Verify configuration, master data and user authorization",ZSD0521,ZTAB0521,Low
ERR0528,WM,Custom error message 522,"Configuration, authorization or master data issue","Verify configuration, master data and user authorization",ZWM0522,ZTAB0522,Medium
ERR0529,PP,Custom error message 523,"Configuration, authorization or master data issue","Verify configuration, master data and user authorization",ZPP0523,ZTAB0523,Low
ERR0530,QM,Custom error message 524,"Configuration, authorization or master data issue","Verify configuration, master data and user authorization",ZQM0524,ZTAB0524,Medium
ERR0531,MM,Custom error message 525,"Configuration, authorization or master data issue","Verify configuration, master data and user authorization",ZMM0525,ZTAB0525,High
ERR0532,MM,Custom error message 526,"Configuration, authorization or master data issue","Verify configuration, master data and user authorization",ZMM0526,ZTAB0526,High
ERR0533,FI,Custom error message 527,"Configuration, authorization or master data issue","Verify configuration, master data and user authorization",ZFI0527,ZTAB0527,High
ERR0534,FI,Custom error message 528,"Configuration, authorization or master data issue","Verify configuration, master data and user authorization",ZFI0528,ZTAB0528,Low
ERR0535,SD,Custom error message 529,"Configuration, authorization or master data issue","Verify configuration, master data and user authorization",ZSD0529,ZTAB0529,High
ERR0536,WM,Custom error message 530,"Configuration, authorization or master data issue","Verify configuration, master data and user authorization",ZWM0530,ZTAB0530,High
ERR0537,PP,Custom error message 531,"Configuration, authorization or master data issue","Verify configuration, master data and user authorization",ZPP0531,ZTAB0531,Medium
ERR0538,SD,Custom error message 532,"Configuration, authorization or master data issue","Verify configuration, master data and user authorization",ZSD0532,ZTAB0532,Medium
ERR0539,PP,Custom error message 533,"Configuration, authorization or master data issue","Verify configuration, master data and user authorization",ZPP0533,ZTAB0533,Low
ERR0540,QM,Custom error message 534,"Configuration, authorization or master data issue","Verify configuration, master data and user authorization",ZQM0534,ZTAB0534,High
ERR0541,PP,Custom error message 535,"Configuration, authorization or master data issue","Verify configuration, master data and user authorization",ZPP0535,ZTAB0535,Medium
ERR0542,PP,Custom error message 536,"Configuration, authorization or master data issue","Verify configuration, master data and user authorization",ZPP0536,ZTAB0536,Medium
ERR0543,FI,Custom error message 537,"Configuration, authorization or master data issue","Verify configuration, master data and user authorization",ZFI0537,ZTAB0537,Medium
ERR0544,MM,Custom error message 538,"Configuration, authorization or master data issue","Verify configuration, master data and user authorization",ZMM0538,ZTAB0538,Low
ERR0545,WM,Custom error message 539,"Configuration, authorization or master data issue","Verify configuration, master data and user authorization",ZWM0539,ZTAB0539,Low
ERR0546,PP,Custom error message 540,"Configuration, authorization or master data issue","Verify configuration, master data and user authorization",ZPP0540,ZTAB0540,High
ERR0547,FI,Custom error message 541,"Configuration, authorization or master data issue","Verify configuration, master data and user authorization",ZFI0541,ZTAB0541,High
ERR0548,FI,Custom error message 542,"Configuration, authorization or master data issue","Verify configuration, master data and user authorization",ZFI0542,ZTAB0542,Low
ERR0549,WM,Custom error message 543,"Configuration, authorization or master data issue","Verify configuration, master data and user authorization",ZWM0543,ZTAB0543,High
ERR0550,FI,Custom error message 544,"Configuration, authorization or master data issue","Verify configuration, master data and user authorization",ZFI0544,ZTAB0544,Low
ERR0551,WM,Custom error message 545,"Configuration, authorization or master data issue","Verify configuration, master data and user authorization",ZWM0545,ZTAB0545,Low
ERR0552,SD,Custom error message 546,"Configuration, authorization or master data issue","Verify configuration, master data and user authorization",ZSD0546,ZTAB0546,High
ERR0553,MM,Custom error message 547,"Configuration, authorization or master data issue","Verify configuration, master data and user authorization",ZMM0547,ZTAB0547,High
ERR0554,MM,Custom error message 548,"Configuration, authorization or master data issue","Verify configuration, master data and user authorization",ZMM0548,ZTAB0548,Medium
ERR0555,WM,Custom error message 549,"Configuration, authorization or master data issue","Verify configuration, master data and user authorization",ZWM0549,ZTAB0549,High
ERR0556,WM,Custom error message 550,"Configuration, authorization or master data issue","Verify configuration, master data and user authorization",ZWM0550,ZTAB0550,Medium
ERR0557,PP,Custom error message 551,"Configuration, authorization or master data issue","Verify configuration, master data and user authorization",ZPP0551,ZTAB0551,High
ERR0558,MM,Custom error message 552,"Configuration, authorization or master data issue","Verify configuration, master data and user authorization",ZMM0552,ZTAB0552,Low
ERR0559,QM,Custom error message 553,"Configuration, authorization or master data issue","Verify configuration, master data and user authorization",ZQM0553,ZTAB0553,High
ERR0560,PP,Custom error message 554,"Configuration, authorization or master data issue","Verify configuration, master data and user authorization",ZPP0554,ZTAB0554,High
ERR0561,SD,Custom error message 555,"Configuration, authorization or master data issue","Verify configuration, master data and user authorization",ZSD0555,ZTAB0555,Medium
ERR0562,QM,Custom error message 556,"Configuration, authorization or master data issue","Verify configuration, master data and user authorization",ZQM0556,ZTAB0556,High
ERR0563,QM,Custom error message 557,"Configuration, authorization or master data issue","Verify configuration, master data and user authorization",ZQM0557,ZTAB0557,Medium
ERR0564,FI,Custom error message 558,"Configuration, authorization or master data issue","Verify configuration, master data and user authorization",ZFI0558,ZTAB0558,Low
ERR0565,QM,Custom error message 559,"Configuration, authorization or master data issue","Verify configuration, master data and user authorization",ZQM0559,ZTAB0559,Medium
ERR0566,MM,Custom error message 560,"Configuration, authorization or master data issue","Verify configuration, master data and user authorization",ZMM0560,ZTAB0560,High
ERR0567,SD,Custom error message 561,"Configuration, authorization or master data issue","Verify configuration, master data and user authorization",ZSD0561,ZTAB0561,Medium
ERR0568,PP,Custom error message 562,"Configuration, authorization or master data issue","Verify configuration, master data and user authorization",ZPP0562,ZTAB0562,High
ERR0569,PP,Custom error message 563,"Configuration, authorization or master data issue","Verify configuration, master data and user authorization",ZPP0563,ZTAB0563,Low
ERR0570,MM,Custom error message 564,"Configuration, authorization or master data issue","Verify configuration, master data and user authorization",ZMM0564,ZTAB0564,Medium
ERR0571,PP,Custom error message 565,"Configuration, authorization or master data issue","Verify configuration, master data and user authorization",ZPP0565,ZTAB0565,Medium
ERR0572,QM,Custom error message 566,"Configuration, authorization or master data issue","Verify configuration, master data and user authorization",ZQM0566,ZTAB0566,High
ERR0573,WM,Custom error message 567,"Configuration, authorization or master data issue","Verify configuration, master data and user authorization",ZWM0567,ZTAB0567,Low
ERR0574,PP,Custom error message 568,"Configuration, authorization or master data issue","Verify configuration, master data and user authorization",ZPP0568,ZTAB0568,Medium
ERR0575,PP,Custom error message 569,"Configuration, authorization or master data issue","Verify configuration, master data and user authorization",ZPP0569,ZTAB0569,Low
ERR0576,QM,Custom error message 570,"Configuration, authorization or master data issue","Verify configuration, master data and user authorization",ZQM0570,ZTAB0570,Medium
ERR0577,MM,Custom error message 571,"Configuration, authorization or master data issue","Verify configuration, master data and user authorization",ZMM0571,ZTAB0571,High
ERR0578,FI,Custom error message 572,"Configuration, authorization or master data issue","Verify configuration, master data and user authorization",ZFI0572,ZTAB0572,Medium
ERR0579,MM,Custom error message 573,"Configuration, authorization or master data issue","Verify configuration, master data and user authorization",ZMM0573,ZTAB0573,Low
ERR0580,QM,Custom error message 574,"Configuration, authorization or master data issue","Verify configuration, master data and user authorization",ZQM0574,ZTAB0574,Low
ERR0581,QM,Custom error message 575,"Configuration, authorization or master data issue","Verify configuration, master data and user authorization",ZQM0575,ZTAB0575,High
ERR0582,QM,Custom error message 576,"Configuration, authorization or master data issue","Verify configuration, master data and user authorization",ZQM0576,ZTAB0576,Medium
ERR0583,PP,Custom error message 577,"Configuration, authorization or master data issue","Verify configuration, master data and user authorization",ZPP0577,ZTAB0577,Medium
ERR0584,PP,Custom error message 578,"Configuration, authorization or master data issue","Verify configuration, master data and user authorization",ZPP0578,ZTAB0578,Low
ERR0585,MM,Custom error message 579,"Configuration, authorization or master data issue","Verify configuration, master data and user authorization",ZMM0579,ZTAB0579,Low
ERR0586,QM,Custom error message 580,"Configuration, authorization or master data issue","Verify configuration, master data and user authorization",ZQM0580,ZTAB0580,Medium
ERR0587,SD,Custom error message 581,"Configuration, authorization or master data issue","Verify configuration, master data and user authorization",ZSD0581,ZTAB0581,Low
ERR0588,PP,Custom error message 582,"Configuration, authorization or master data issue","Verify configuration, master data and user authorization",ZPP0582,ZTAB0582,Medium
ERR0589,SD,Custom error message 583,"Configuration, authorization or master data issue","Verify configuration, master data and user authorization",ZSD0583,ZTAB0583,Low
ERR0590,QM,Custom error message 584,"Configuration, authorization or master data issue","Verify configuration, master data and user authorization",ZQM0584,ZTAB0584,Low
ERR0591,PP,Custom error message 585,"Configuration, authorization or master data issue","Verify configuration, master data and user authorization",ZPP0585,ZTAB0585,High
ERR0592,SD,Custom error message 586,"Configuration, authorization or master data issue","Verify configuration, master data and user authorization",ZSD0586,ZTAB0586,Medium
ERR0593,MM,Custom error message 587,"Configuration, authorization or master data issue","Verify configuration, master data and user authorization",ZMM0587,ZTAB0587,Medium
ERR0594,FI,Custom error message 588,"Configuration, authorization or master data issue","Verify configuration, master data and user authorization",ZFI0588,ZTAB0588,Medium
ERR0595,WM,Custom error message 589,"Configuration, authorization or master data issue","Verify configuration, master data and user authorization",ZWM0589,ZTAB0589,High
ERR0596,MM,Custom error message 590,"Configuration, authorization or master data issue","Verify configuration, master data and user authorization",ZMM0590,ZTAB0590,High
ERR0597,FI,Custom error message 591,"Configuration, authorization or master data issue","Verify configuration, master data and user authorization",ZFI0591,ZTAB0591,Medium
ERR0598,MM,Custom error message 592,"Configuration, authorization or master data issue","Verify configuration, master data and user authorization",ZMM0592,ZTAB0592,Low
ERR0599,WM,Custom error message 593,"Configuration, authorization or master data issue","Verify configuration, master data and user authorization",ZWM0593,ZTAB0593,Medium
ERR0600,SD,Custom error message 594,"Configuration, authorization or master data issue","Verify configuration, master data and user authorization",ZSD0594,ZTAB0594,High
ERR0601,MM,Custom error message 595,"Configuration, authorization or master data issue","Verify configuration, master data and user authorization",ZMM0595,ZTAB0595,High
ERR0602,MM,Custom error message 596,"Configuration, authorization or master data issue","Verify configuration, master data and user authorization",ZMM0596,ZTAB0596,Low
ERR0603,WM,Custom error message 597,"Configuration, authorization or master data issue","Verify configuration, master data and user authorization",ZWM0597,ZTAB0597,Medium
ERR0604,QM,Custom error message 598,"Configuration, authorization or master data issue","Verify configuration, master data and user authorization",ZQM0598,ZTAB0598,Medium
ERR0605,FI,Custom error message 599,"Configuration, authorization or master data issue","Verify configuration, master data and user authorization",ZFI0599,ZTAB0599,Low
ERR0606,PP,Custom error message 600,"Configuration, authorization or master data issue","Verify configuration, master data and user authorization",ZPP0600,ZTAB0600,High
ERR0607,SD,Custom error message 601,"Configuration, authorization or master data issue","Verify configuration, master data and user authorization",ZSD0601,ZTAB0601,Low
ERR0608,WM,Custom error message 602,"Configuration, authorization or master data issue","Verify configuration, master data and user authorization",ZWM0602,ZTAB0602,High
ERR0609,FI,Custom error message 603,"Configuration, authorization or master data issue","Verify configuration, master data and user authorization",ZFI0603,ZTAB0603,Low
ERR0610,QM,Custom error message 604,"Configuration, authorization or master data issue","Verify configuration, master data and user authorization",ZQM0604,ZTAB0604,Low
ERR0611,MM,Custom error message 605,"Configuration, authorization or master data issue","Verify configuration, master data and user authorization",ZMM0605,ZTAB0605,High
ERR0612,MM,Custom error message 606,"Configuration, authorization or master data issue","Verify configuration, master data and user authorization",ZMM0606,ZTAB0606,Low
ERR0613,QM,Custom error message 607,"Configuration, authorization or master data issue","Verify configuration, master data and user authorization",ZQM0607,ZTAB0607,Low
ERR0614,WM,Custom error message 608,"Configuration, authorization or master data issue","Verify configuration, master data and user authorization",ZWM0608,ZTAB0608,High
ERR0615,FI,Custom error message 609,"Configuration, authorization or master data issue","Verify configuration, master data and user authorization",ZFI0609,ZTAB0609,High
ERR0616,SD,Custom error message 610,"Configuration, authorization or master data issue","Verify configuration, master data and user authorization",ZSD0610,ZTAB0610,Low
ERR0617,FI,Custom error message 611,"Configuration, authorization or master data issue","Verify configuration, master data and user authorization",ZFI0611,ZTAB0611,Low
ERR0618,MM,Custom error message 612,"Configuration, authorization or master data issue","Verify configuration, master data and user authorization",ZMM0612,ZTAB0612,Low
ERR0619,SD,Custom error message 613,"Configuration, authorization or master data issue","Verify configuration, master data and user authorization",ZSD0613,ZTAB0613,High
ERR0620,QM,Custom error message 614,"Configuration, authorization or master data issue","Verify configuration, master data and user authorization",ZQM0614,ZTAB0614,Medium
ERR0621,FI,Custom error message 615,"Configuration, authorization or master data issue","Verify configuration, master data and user authorization",ZFI0615,ZTAB0615,High
ERR0622,WM,Custom error message 616,"Configuration, authorization or master data issue","Verify configuration, master data and user authorization",ZWM0616,ZTAB0616,Low
ERR0623,MM,Custom error message 617,"Configuration, authorization or master data issue","Verify configuration, master data and user authorization",ZMM0617,ZTAB0617,High
ERR0624,QM,Custom error message 618,"Configuration, authorization or master data issue","Verify configuration, master data and user authorization",ZQM0618,ZTAB0618,High
ERR0625,QM,Custom error message 619,"Configuration, authorization or master data issue","Verify configuration, master data and user authorization",ZQM0619,ZTAB0619,Low
ERR0626,SD,Custom error message 620,"Configuration, authorization or master data issue","Verify configuration, master data and user authorization",ZSD0620,ZTAB0620,High
ERR0627,PP,Custom error message 621,"Configuration, authorization or master data issue","Verify configuration, master data and user authorization",ZPP0621,ZTAB0621,High
ERR0628,WM,Custom error message 622,"Configuration, authorization or master data issue","Verify configuration, master data and user authorization",ZWM0622,ZTAB0622,Low
ERR0629,MM,Custom error message 623,"Configuration, authorization or master data issue","Verify configuration, master data and user authorization",ZMM0623,ZTAB0623,High
ERR0630,SD,Custom error message 624,"Configuration, authorization or master data issue","Verify configuration, master data and user authorization",ZSD0624,ZTAB0624,Medium
ERR0631,SD,Custom error message 625,"Configuration, authorization or master data issue","Verify configuration, master data and user authorization",ZSD0625,ZTAB0625,Medium
ERR0632,FI,Custom error message 626,"Configuration, authorization or master data issue","Verify configuration, master data and user authorization",ZFI0626,ZTAB0626,High
ERR0633,QM,Custom error message 627,"Configuration, authorization or master data issue","Verify configuration, master data and user authorization",ZQM0627,ZTAB0627,Medium
ERR0634,PP,Custom error message 628,"Configuration, authorization or master data issue","Verify configuration, master data and user authorization",ZPP0628,ZTAB0628,High
ERR0635,WM,Custom error message 629,"Configuration, authorization or master data issue","Verify configuration, master data and user authorization",ZWM0629,ZTAB0629,Low
ERR0636,QM,Custom error message 630,"Configuration, authorization or master data issue","Verify configuration, master data and user authorization",ZQM0630,ZTAB0630,High
ERR0637,SD,Custom error message 631,"Configuration, authorization or master data issue","Verify configuration, master data and user authorization",ZSD0631,ZTAB0631,High
ERR0638,PP,Custom error message 632,"Configuration, authorization or master data issue","Verify configuration, master data and user authorization",ZPP0632,ZTAB0632,Low
ERR0639,FI,Custom error message 633,"Configuration, authorization or master data issue","Verify configuration, master data and user authorization",ZFI0633,ZTAB0633,High
ERR0640,SD,Custom error message 634,"Configuration, authorization or master data issue","Verify configuration, master data and user authorization",ZSD0634,ZTAB0634,Medium
ERR0641,QM,Custom error message 635,"Configuration, authorization or master data issue","Verify configuration, master data and user authorization",ZQM0635,ZTAB0635,High
ERR0642,QM,Custom error message 636,"Configuration, authorization or master data issue","Verify configuration, master data and user authorization",ZQM0636,ZTAB0636,Medium
ERR0643,MM,Custom error message 637,"Configuration, authorization or master data issue","Verify configuration, master data and user authorization",ZMM0637,ZTAB0637,High
ERR0644,WM,Custom error message 638,"Configuration, authorization or master data issue","Verify configuration, master data and user authorization",ZWM0638,ZTAB0638,Medium
ERR0645,QM,Custom error message 639,"Configuration, authorization or master data issue","Verify configuration, master data and user authorization",ZQM0639,ZTAB0639,Low
ERR0646,PP,Custom error message 640,"Configuration, authorization or master data issue","Verify configuration, master data and user authorization",ZPP0640,ZTAB0640,Low
ERR0647,PP,Custom error message 641,"Configuration, authorization or master data issue","Verify configuration, master data and user authorization",ZPP0641,ZTAB0641,Medium
ERR0648,QM,Custom error message 642,"Configuration, authorization or master data issue","Verify configuration, master data and user authorization",ZQM0642,ZTAB0642,Low
ERR0649,PP,Custom error message 643,"Configuration, authorization or master data issue","Verify configuration, master data and user authorization",ZPP0643,ZTAB0643,Low
ERR0650,MM,Custom error message 644,"Configuration, authorization or master data issue","Verify configuration, master data and user authorization",ZMM0644,ZTAB0644,Low
ERR0651,PP,Custom error message 645,"Configuration, authorization or master data issue","Verify configuration, master data and user authorization",ZPP0645,ZTAB0645,Medium
ERR0652,QM,Custom error message 646,"Configuration, authorization or master data issue","Verify configuration, master data and user authorization",ZQM0646,ZTAB0646,High
ERR0653,SD,Custom error message 647,"Configuration, authorization or master data issue","Verify configuration, master data and user authorization",ZSD0647,ZTAB0647,Medium
ERR0654,SD,Custom error message 648,"Configuration, authorization or master data issue","Verify configuration, master data and user authorization",ZSD0648,ZTAB0648,Medium
ERR0655,SD,Custom error message 649,"Configuration, authorization or master data issue","Verify configuration, master data and user authorization",ZSD0649,ZTAB0649,Medium
ERR0656,WM,Custom error message 650,"Configuration, authorization or master data issue","Verify configuration, master data and user authorization",ZWM0650,ZTAB0650,High
ERR0657,SD,Custom error message 651,"Configuration, authorization or master data issue","Verify configuration, master data and user authorization",ZSD0651,ZTAB0651,Medium
ERR0658,SD,Custom error message 652,"Configuration, authorization or master data issue","Verify configuration, master data and user authorization",ZSD0652,ZTAB0652,High
ERR0659,SD,Custom error message 653,"Configuration, authorization or master data issue","Verify configuration, master data and user authorization",ZSD0653,ZTAB0653,Medium
ERR0660,SD,Custom error message 654,"Configuration, authorization or master data issue","Verify configuration, master data and user authorization",ZSD0654,ZTAB0654,Low
ERR0661,MM,Custom error message 655,"Configuration, authorization or master data issue","Verify configuration, master data and user authorization",ZMM0655,ZTAB0655,High
ERR0662,QM,Custom error message 656,"Configuration, authorization or master data issue","Verify configuration, master data and user authorization",ZQM0656,ZTAB0656,Medium
ERR0663,QM,Custom error message 657,"Configuration, authorization or master data issue","Verify configuration, master data and user authorization",ZQM0657,ZTAB0657,Medium
ERR0664,QM,Custom error message 658,"Configuration, authorization or master data issue","Verify configuration, master data and user authorization",ZQM0658,ZTAB0658,Medium
ERR0665,SD,Custom error message 659,"Configuration, authorization or master data issue","Verify configuration, master data and user authorization",ZSD0659,ZTAB0659,Medium
ERR0666,MM,Custom error message 660,"Configuration, authorization or master data issue","Verify configuration, master data and user authorization",ZMM0660,ZTAB0660,Medium
ERR0667,MM,Custom error message 661,"Configuration, authorization or master data issue","Verify configuration, master data and user authorization",ZMM0661,ZTAB0661,Low
ERR0668,WM,Custom error message 662,"Configuration, authorization or master data issue","Verify configuration, master data and user authorization",ZWM0662,ZTAB0662,Low
ERR0669,MM,Custom error message 663,"Configuration, authorization or master data issue","Verify configuration, master data and user authorization",ZMM0663,ZTAB0663,Medium
ERR0670,WM,Custom error message 664,"Configuration, authorization or master data issue","Verify configuration, master data and user authorization",ZWM0664,ZTAB0664,High
ERR0671,FI,Custom error message 665,"Configuration, authorization or master data issue","Verify configuration, master data and user authorization",ZFI0665,ZTAB0665,Low
ERR0672,PP,Custom error message 666,"Configuration, authorization or master data issue","Verify configuration, master data and user authorization",ZPP0666,ZTAB0666,Medium
ERR0673,WM,Custom error message 667,"Configuration, authorization or master data issue","Verify configuration, master data and user authorization",ZWM0667,ZTAB0667,Medium
ERR0674,PP,Custom error message 668,"Configuration, authorization or master data issue","Verify configuration, master data and user authorization",ZPP0668,ZTAB0668,High
ERR0675,SD,Custom error message 669,"Configuration, authorization or master data issue","Verify configuration, master data and user authorization",ZSD0669,ZTAB0669,Medium
ERR0676,MM,Custom error message 670,"Configuration, authorization or master data issue","Verify configuration, master data and user authorization",ZMM0670,ZTAB0670,Low
ERR0677,QM,Custom error message 671,"Configuration, authorization or master data issue","Verify configuration, master data and user authorization",ZQM0671,ZTAB0671,Medium
ERR0678,QM,Custom error message 672,"Configuration, authorization or master data issue","Verify configuration, master data and user authorization",ZQM0672,ZTAB0672,Medium
ERR0679,MM,Custom error message 673,"Configuration, authorization or master data issue","Verify configuration, master data and user authorization",ZMM0673,ZTAB0673,Medium
ERR0680,SD,Custom error message 674,"Configuration, authorization or master data issue","Verify configuration, master data and user authorization",ZSD0674,ZTAB0674,High
ERR0681,FI,Custom error message 675,"Configuration, authorization or master data issue","Verify configuration, master data and user authorization",ZFI0675,ZTAB0675,Medium
ERR0682,PP,Custom error message 676,"Configuration, authorization or master data issue","Verify configuration, master data and user authorization",ZPP0676,ZTAB0676,High
ERR0683,FI,Custom error message 677,"Configuration, authorization or master data issue","Verify configuration, master data and user authorization",ZFI0677,ZTAB0677,Low
ERR0684,PP,Custom error message 678,"Configuration, authorization or master data issue","Verify configuration, master data and user authorization",ZPP0678,ZTAB0678,Medium
ERR0685,PP,Custom error message 679,"Configuration, authorization or master data issue","Verify configuration, master data and user authorization",ZPP0679,ZTAB0679,Medium
ERR0686,SD,Custom error message 680,"Configuration, authorization or master data issue","Verify configuration, master data and user authorization",ZSD0680,ZTAB0680,High
ERR0687,FI,Custom error message 681,"Configuration, authorization or master data issue","Verify configuration, master data and user authorization",ZFI0681,ZTAB0681,Low
ERR0688,WM,Custom error message 682,"Configuration, authorization or master data issue","Verify configuration, master data and user authorization",ZWM0682,ZTAB0682,High
ERR0689,FI,Custom error message 683,"Configuration, authorization or master data issue","Verify configuration, master data and user authorization",ZFI0683,ZTAB0683,Medium
ERR0690,PP,Custom error message 684,"Configuration, authorization or master data issue","Verify configuration, master data and user authorization",ZPP0684,ZTAB0684,High
ERR0691,PP,Custom error message 685,"Configuration, authorization or master data issue","Verify configuration, master data and user authorization",ZPP0685,ZTAB0685,High
ERR0692,PP,Custom error message 686,"Configuration, authorization or master data issue","Verify configuration, master data and user authorization",ZPP0686,ZTAB0686,Medium
ERR0693,MM,Custom error message 687,"Configuration, authorization or master data issue","Verify configuration, master data and user authorization",ZMM0687,ZTAB0687,Medium
ERR0694,QM,Custom error message 688,"Configuration, authorization or master data issue","Verify configuration, master data and user authorization",ZQM0688,ZTAB0688,High
ERR0695,FI,Custom error message 689,"Configuration, authorization or master data issue","Verify configuration, master data and user authorization",ZFI0689,ZTAB0689,Medium
ERR0696,SD,Custom error message 690,"Configuration, authorization or master data issue","Verify configuration, master data and user authorization",ZSD0690,ZTAB0690,High
ERR0697,WM,Custom error message 691,"Configuration, authorization or master data issue","Verify configuration, master data and user authorization",ZWM0691,ZTAB0691,High
ERR0698,QM,Custom error message 692,"Configuration, authorization or master data issue","Verify configuration, master data and user authorization",ZQM0692,ZTAB0692,High
ERR0699,MM,Custom error message 693,"Configuration, authorization or master data issue","Verify configuration, master data and user authorization",ZMM0693,ZTAB0693,High
ERR0700,MM,Custom error message 694,"Configuration, authorization or master data issue","Verify configuration, master data and user authorization",ZMM0694,ZTAB0694,High
ERR0701,MM,Custom error message 695,"Configuration, authorization or master data issue","Verify configuration, master data and user authorization",ZMM0695,ZTAB0695,Low
ERR0702,FI,Custom error message 696,"Configuration, authorization or master data issue","Verify configuration, master data and user authorization",ZFI0696,ZTAB0696,Medium
ERR0703,PP,Custom error message 697,"Configuration, authorization or master data issue","Verify configuration, master data and user authorization",ZPP0697,ZTAB0697,High
ERR0704,QM,Custom error message 698,"Configuration, authorization or master data issue","Verify configuration, master data and user authorization",ZQM0698,ZTAB0698,Medium
ERR0705,WM,Custom error message 699,"Configuration, authorization or master data issue","Verify configuration, master data and user authorization",ZWM0699,ZTAB0699,High
ERR0706,QM,Custom error message 700,"Configuration, authorization or master data issue","Verify configuration, master data and user authorization",ZQM0700,ZTAB0700,Medium
ERR0707,QM,Custom error message 701,"Configuration, authorization or master data issue","Verify configuration, master data and user authorization",ZQM0701,ZTAB0701,Medium
ERR0708,MM,Custom error message 702,"Configuration, authorization or master data issue","Verify configuration, master data and user authorization",ZMM0702,ZTAB0702,Medium
ERR0709,QM,Custom error message 703,"Configuration, authorization or master data issue","Verify configuration, master data and user authorization",ZQM0703,ZTAB0703,High
ERR0710,PP,Custom error message 704,"Configuration, authorization or master data issue","Verify configuration, master data and user authorization",ZPP0704,ZTAB0704,High
ERR0711,WM,Custom error message 705,"Configuration, authorization or master data issue","Verify configuration, master data and user authorization",ZWM0705,ZTAB0705,Low
ERR0712,SD,Custom error message 706,"Configuration, authorization or master data issue","Verify configuration, master data and user authorization",ZSD0706,ZTAB0706,Low
ERR0713,WM,Custom error message 707,"Configuration, authorization or master data issue","Verify configuration, master data and user authorization",ZWM0707,ZTAB0707,High
ERR0714,MM,Custom error message 708,"Configuration, authorization or master data issue","Verify configuration, master data and user authorization",ZMM0708,ZTAB0708,Medium
ERR0715,FI,Custom error message 709,"Configuration, authorization or master data issue","Verify configuration, master data and user authorization",ZFI0709,ZTAB0709,Low
ERR0716,QM,Custom error message 710,"Configuration, authorization or master data issue","Verify configuration, master data and user authorization",ZQM0710,ZTAB0710,Medium
ERR0717,PP,Custom error message 711,"Configuration, authorization or master data issue","Verify configuration, master data and user authorization",ZPP0711,ZTAB0711,Low
ERR0718,SD,Custom error message 712,"Configuration, authorization or master data issue","Verify configuration, master data and user authorization",ZSD0712,ZTAB0712,Low
ERR0719,SD,Custom error message 713,"Configuration, authorization or master data issue","Verify configuration, master data and user authorization",ZSD0713,ZTAB0713,High
ERR0720,FI,Custom error message 714,"Configuration, authorization or master data issue","Verify configuration, master data and user authorization",ZFI0714,ZTAB0714,Medium
ERR0721,MM,Custom error message 715,"Configuration, authorization or master data issue","Verify configuration, master data and user authorization",ZMM0715,ZTAB0715,Medium
ERR0722,SD,Custom error message 716,"Configuration, authorization or master data issue","Verify configuration, master data and user authorization",ZSD0716,ZTAB0716,Medium
ERR0723,WM,Custom error message 717,"Configuration, authorization or master data issue","Verify configuration, master data and user authorization",ZWM0717,ZTAB0717,High
ERR0724,FI,Custom error message 718,"Configuration, authorization or master data issue","Verify configuration, master data and user authorization",ZFI0718,ZTAB0718,Low
ERR0725,QM,Custom error message 719,"Configuration, authorization or master data issue","Verify configuration, master data and user authorization",ZQM0719,ZTAB0719,Medium
ERR0726,QM,Custom error message 720,"Configuration, authorization or master data issue","Verify configuration, master data and user authorization",ZQM0720,ZTAB0720,Medium
ERR0727,FI,Custom error message 721,"Configuration, authorization or master data issue","Verify configuration, master data and user authorization",ZFI0721,ZTAB0721,Medium
ERR0728,MM,Custom error message 722,"Configuration, authorization or master data issue","Verify configuration, master data and user authorization",ZMM0722,ZTAB0722,Low
ERR0729,FI,Custom error message 723,"Configuration, authorization or master data issue","Verify configuration, master data and user authorization",ZFI0723,ZTAB0723,Medium
ERR0730,SD,Custom error message 724,"Configuration, authorization or master data issue","Verify configuration, master data and user authorization",ZSD0724,ZTAB0724,Medium
ERR0731,WM,Custom error message 725,"Configuration, authorization or master data issue","Verify configuration, master data and user authorization",ZWM0725,ZTAB0725,Medium
ERR0732,QM,Custom error message 726,"Configuration, authorization or master data issue","Verify configuration, master data and user authorization",ZQM0726,ZTAB0726,Low
ERR0733,MM,Custom error message 727,"Configuration, authorization or master data issue","Verify configuration, master data and user authorization",ZMM0727,ZTAB0727,Low
ERR0734,WM,Custom error message 728,"Configuration, authorization or master data issue","Verify configuration, master data and user authorization",ZWM0728,ZTAB0728,Low
ERR0735,SD,Custom error message 729,"Configuration, authorization or master data issue","Verify configuration, master data and user authorization",ZSD0729,ZTAB0729,Low
ERR0736,MM,Custom error message 730,"Configuration, authorization or master data issue","Verify configuration, master data and user authorization",ZMM0730,ZTAB0730,High
ERR0737,MM,Custom error message 731,"Configuration, authorization or master data issue","Verify configuration, master data and user authorization",ZMM0731,ZTAB0731,Low
ERR0738,SD,Custom error message 732,"Configuration, authorization or master data issue","Verify configuration, master data and user authorization",ZSD0732,ZTAB0732,Medium
ERR0739,MM,Custom error message 733,"Configuration, authorization or master data issue","Verify configuration, master data and user authorization",ZMM0733,ZTAB0733,Medium
ERR0740,SD,Custom error message 734,"Configuration, authorization or master data issue","Verify configuration, master data and user authorization",ZSD0734,ZTAB0734,Low
ERR0741,FI,Custom error message 735,"Configuration, authorization or master data issue","Verify configuration, master data and user authorization",ZFI0735,ZTAB0735,Medium
ERR0742,SD,Custom error message 736,"Configuration, authorization or master data issue","Verify configuration, master data and user authorization",ZSD0736,ZTAB0736,Medium
ERR0743,PP,Custom error message 737,"Configuration, authorization or master data issue","Verify configuration, master data and user authorization",ZPP0737,ZTAB0737,Low
ERR0744,FI,Custom error message 738,"Configuration, authorization or master data issue","Verify configuration, master data and user authorization",ZFI0738,ZTAB0738,Medium
ERR0745,FI,Custom error message 739,"Configuration, authorization or master data issue","Verify configuration, master data and user authorization",ZFI0739,ZTAB0739,High
ERR0746,MM,Custom error message 740,"Configuration, authorization or master data issue","Verify configuration, master data and user authorization",ZMM0740,ZTAB0740,Low
ERR0747,PP,Custom error message 741,"Configuration, authorization or master data issue","Verify configuration, master data and user authorization",ZPP0741,ZTAB0741,High
ERR0748,QM,Custom error message 742,"Configuration, authorization or master data issue","Verify configuration, master data and user authorization",ZQM0742,ZTAB0742,Low
ERR0749,FI,Custom error message 743,"Configuration, authorization or master data issue","Verify configuration, master data and user authorization",ZFI0743,ZTAB0743,Low
ERR0750,QM,Custom error message 744,"Configuration, authorization or master data issue","Verify configuration, master data and user authorization",ZQM0744,ZTAB0744,Medium
ERR0751,SD,Custom error message 745,"Configuration, authorization or master data issue","Verify configuration, master data and user authorization",ZSD0745,ZTAB0745,Medium
ERR0752,FI,Custom error message 746,"Configuration, authorization or master data issue","Verify configuration, master data and user authorization",ZFI0746,ZTAB0746,High
ERR0753,WM,Custom error message 747,"Configuration, authorization or master data issue","Verify configuration, master data and user authorization",ZWM0747,ZTAB0747,Low
ERR0754,FI,Custom error message 748,"Configuration, authorization or master data issue","Verify configuration, master data and user authorization",ZFI0748,ZTAB0748,High
ERR0755,QM,Custom error message 749,"Configuration, authorization or master data issue","Verify configuration, master data and user authorization",ZQM0749,ZTAB0749,Medium
ERR0756,WM,Custom error message 750,"Configuration, authorization or master data issue","Verify configuration, master data and user authorization",ZWM0750,ZTAB0750,High
ERR0757,QM,Custom error message 751,"Configuration, authorization or master data issue","Verify configuration, master data and user authorization",ZQM0751,ZTAB0751,Low
ERR0758,PP,Custom error message 752,"Configuration, authorization or master data issue","Verify configuration, master data and user authorization",ZPP0752,ZTAB0752,Low
ERR0759,MM,Custom error message 753,"Configuration, authorization or master data issue","Verify configuration, master data and user authorization",ZMM0753,ZTAB0753,High
ERR0760,FI,Custom error message 754,"Configuration, authorization or master data issue","Verify configuration, master data and user authorization",ZFI0754,ZTAB0754,High
ERR0761,QM,Custom error message 755,"Configuration, authorization or master data issue","Verify configuration, master data and user authorization",ZQM0755,ZTAB0755,High
ERR0762,PP,Custom error message 756,"Configuration, authorization or master data issue","Verify configuration, master data and user authorization",ZPP0756,ZTAB0756,Low
ERR0763,MM,Custom error message 757,"Configuration, authorization or master data issue","Verify configuration, master data and user authorization",ZMM0757,ZTAB0757,High
ERR0764,WM,Custom error message 758,"Configuration, authorization or master data issue","Verify configuration, master data and user authorization",ZWM0758,ZTAB0758,High
ERR0765,MM,Custom error message 759,"Configuration, authorization or master data issue","Verify configuration, master data and user authorization",ZMM0759,ZTAB0759,Low
ERR0766,MM,Custom error message 760,"Configuration, authorization or master data issue","Verify configuration, master data and user authorization",ZMM0760,ZTAB0760,High
ERR0767,SD,Custom error message 761,"Configuration, authorization or master data issue","Verify configuration, master data and user authorization",ZSD0761,ZTAB0761,High
ERR0768,WM,Custom error message 762,"Configuration, authorization or master data issue","Verify configuration, master data and user authorization",ZWM0762,ZTAB0762,Low
ERR0769,FI,Custom error message 763,"Configuration, authorization or master data issue","Verify configuration, master data and user authorization",ZFI0763,ZTAB0763,High
ERR0770,PP,Custom error message 764,"Configuration, authorization or master data issue","Verify configuration, master data and user authorization",ZPP0764,ZTAB0764,Medium
ERR0771,WM,Custom error message 765,"Configuration, authorization or master data issue","Verify configuration, master data and user authorization",ZWM0765,ZTAB0765,Low
ERR0772,WM,Custom error message 766,"Configuration, authorization or master data issue","Verify configuration, master data and user authorization",ZWM0766,ZTAB0766,Low
ERR0773,PP,Custom error message 767,"Configuration, authorization or master data issue","Verify configuration, master data and user authorization",ZPP0767,ZTAB0767,High
ERR0774,MM,Custom error message 768,"Configuration, authorization or master data issue","Verify configuration, master data and user authorization",ZMM0768,ZTAB0768,Medium
ERR0775,MM,Custom error message 769,"Configuration, authorization or master data issue","Verify configuration, master data and user authorization",ZMM0769,ZTAB0769,Medium
ERR0776,WM,Custom error message 770,"Configuration, authorization or master data issue","Verify configuration, master data and user authorization",ZWM0770,ZTAB0770,Medium
ERR0777,FI,Custom error message 771,"Configuration, authorization or master data issue","Verify configuration, master data and user authorization",ZFI0771,ZTAB0771,Low
ERR0778,SD,Custom error message 772,"Configuration, authorization or master data issue","Verify configuration, master data and user authorization",ZSD0772,ZTAB0772,High
ERR0779,WM,Custom error message 773,"Configuration, authorization or master data issue","Verify configuration, master data and user authorization",ZWM0773,ZTAB0773,Low
ERR0780,FI,Custom error message 774,"Configuration, authorization or master data issue","Verify configuration, master data and user authorization",ZFI0774,ZTAB0774,Medium
ERR0781,FI,Custom error message 775,"Configuration, authorization or master data issue","Verify configuration, master data and user authorization",ZFI0775,ZTAB0775,High
ERR0782,MM,Custom error message 776,"Configuration, authorization or master data issue","Verify configuration, master data and user authorization",ZMM0776,ZTAB0776,Low
ERR0783,FI,Custom error message 777,"Configuration, authorization or master data issue","Verify configuration, master data and user authorization",ZFI0777,ZTAB0777,High
ERR0784,MM,Custom error message 778,"Configuration, authorization or master data issue","Verify configuration, master data and user authorization",ZMM0778,ZTAB0778,Medium
ERR0785,WM,Custom error message 779,"Configuration, authorization or master data issue","Verify configuration, master data and user authorization",ZWM0779,ZTAB0779,Low
ERR0786,WM,Custom error message 780,"Configuration, authorization or master data issue","Verify configuration, master data and user authorization",ZWM0780,ZTAB0780,High
ERR0787,SD,Custom error message 781,"Configuration, authorization or master data issue","Verify configuration, master data and user authorization",ZSD0781,ZTAB0781,Medium
ERR0788,MM,Custom error message 782,"Configuration, authorization or master data issue","Verify configuration, master data and user authorization",ZMM0782,ZTAB0782,Medium
ERR0789,FI,Custom error message 783,"Configuration, authorization or master data issue","Verify configuration, master data and user authorization",ZFI0783,ZTAB0783,Medium
ERR0790,QM,Custom error message 784,"Configuration, authorization or master data issue","Verify configuration, master data and user authorization",ZQM0784,ZTAB0784,Low
ERR0791,QM,Custom error message 785,"Configuration, authorization or master data issue","Verify configuration, master data and user authorization",ZQM0785,ZTAB0785,High
ERR0792,QM,Custom error message 786,"Configuration, authorization or master data issue","Verify configuration, master data and user authorization",ZQM0786,ZTAB0786,High
ERR0793,FI,Custom error message 787,"Configuration, authorization or master data issue","Verify configuration, master data and user authorization",ZFI0787,ZTAB0787,High
ERR0794,MM,Custom error message 788,"Configuration, authorization or master data issue","Verify configuration, master data and user authorization",ZMM0788,ZTAB0788,Medium
ERR0795,SD,Custom error message 789,"Configuration, authorization or master data issue","Verify configuration, master data and user authorization",ZSD0789,ZTAB0789,Low
ERR0796,WM,Custom error message 790,"Configuration, authorization or master data issue","Verify configuration, master data and user authorization",ZWM0790,ZTAB0790,Medium
ERR0797,MM,Custom error message 791,"Configuration, authorization or master data issue","Verify configuration, master data and user authorization",ZMM0791,ZTAB0791,High
ERR0798,QM,Custom error message 792,"Configuration, authorization or master data issue","Verify configuration, master data and user authorization",ZQM0792,ZTAB0792,Low
ERR0799,WM,Custom error message 793,"Configuration, authorization or master data issue","Verify configuration, master data and user authorization",ZWM0793,ZTAB0793,Low
ERR0800,PP,Custom error message 794,"Configuration, authorization or master data issue","Verify configuration, master data and user authorization",ZPP0794,ZTAB0794,Medium
ERR0801,PP,Custom error message 795,"Configuration, authorization or master data issue","Verify configuration, master data and user authorization",ZPP0795,ZTAB0795,High
ERR0802,FI,Custom error message 796,"Configuration, authorization or master data issue","Verify configuration, master data and user authorization",ZFI0796,ZTAB0796,Medium
ERR0803,PP,Custom error message 797,"Configuration, authorization or master data issue","Verify configuration, master data and user authorization",ZPP0797,ZTAB0797,Low
ERR0804,PP,Custom error message 798,"Configuration, authorization or master data issue","Verify configuration, master data and user authorization",ZPP0798,ZTAB0798,Low
ERR0805,SD,Custom error message 799,"Configuration, authorization or master data issue","Verify configuration, master data and user authorization",ZSD0799,ZTAB0799,Low
ERR0806,WM,Custom error message 800,"Configuration, authorization or master data issue","Verify configuration, master data and user authorization",ZWM0800,ZTAB0800,High
ERR0807,MM,Custom error message 801,"Configuration, authorization or master data issue","Verify configuration, master data and user authorization",ZMM0801,ZTAB0801,Medium
ERR0808,PP,Custom error message 802,"Configuration, authorization or master data issue","Verify configuration, master data and user authorization",ZPP0802,ZTAB0802,Medium
ERR0809,FI,Custom error message 803,"Configuration, authorization or master data issue","Verify configuration, master data and user authorization",ZFI0803,ZTAB0803,High
ERR0810,MM,Custom error message 804,"Configuration, authorization or master data issue","Verify configuration, master data and user authorization",ZMM0804,ZTAB0804,Low
ERR0811,QM,Custom error message 805,"Configuration, authorization or master data issue","Verify configuration, master data and user authorization",ZQM0805,ZTAB0805,High
ERR0812,PP,Custom error message 806,"Configuration, authorization or master data issue","Verify configuration, master data and user authorization",ZPP0806,ZTAB0806,High
ERR0813,MM,Custom error message 807,"Configuration, authorization or master data issue","Verify configuration, master data and user authorization",ZMM0807,ZTAB0807,Low
ERR0814,FI,Custom error message 808,"Configuration, authorization or master data issue","Verify configuration, master data and user authorization",ZFI0808,ZTAB0808,Medium
ERR0815,SD,Custom error message 809,"Configuration, authorization or master data issue","Verify configuration, master data and user authorization",ZSD0809,ZTAB0809,Low
ERR0816,WM,Custom error message 810,"Configuration, authorization or master data issue","Verify configuration, master data and user authorization",ZWM0810,ZTAB0810,High
ERR0817,FI,Custom error message 811,"Configuration, authorization or master data issue","Verify configuration, master data and user authorization",ZFI0811,ZTAB0811,Medium
ERR0818,PP,Custom error message 812,"Configuration, authorization or master data issue","Verify configuration, master data and user authorization",ZPP0812,ZTAB0812,Medium
ERR0819,WM,Custom error message 813,"Configuration, authorization or master data issue","Verify configuration, master data and user authorization",ZWM0813,ZTAB0813,High
ERR0820,FI,Custom error message 814,"Configuration, authorization or master data issue","Verify configuration, master data and user authorization",ZFI0814,ZTAB0814,Low
ERR0821,PP,Custom error message 815,"Configuration, authorization or master data issue","Verify configuration, master data and user authorization",ZPP0815,ZTAB0815,Low
ERR0822,QM,Custom error message 816,"Configuration, authorization or master data issue","Verify configuration, master data and user authorization",ZQM0816,ZTAB0816,Low
ERR0823,PP,Custom error message 817,"Configuration, authorization or master data issue","Verify configuration, master data and user authorization",ZPP0817,ZTAB0817,Medium
ERR0824,SD,Custom error message 818,"Configuration, authorization or master data issue","Verify configuration, master data and user authorization",ZSD0818,ZTAB0818,Medium
ERR0825,QM,Custom error message 819,"Configuration, authorization or master data issue","Verify configuration, master data and user authorization",ZQM0819,ZTAB0819,High
ERR0826,SD,Custom error message 820,"Configuration, authorization or master data issue","Verify configuration, master data and user authorization",ZSD0820,ZTAB0820,High
ERR0827,WM,Custom error message 821,"Configuration, authorization or master data issue","Verify configuration, master data and user authorization",ZWM0821,ZTAB0821,High
ERR0828,WM,Custom error message 822,"Configuration, authorization or master data issue","Verify configuration, master data and user authorization",ZWM0822,ZTAB0822,High
ERR0829,QM,Custom error message 823,"Configuration, authorization or master data issue","Verify configuration, master data and user authorization",ZQM0823,ZTAB0823,High
ERR0830,FI,Custom error message 824,"Configuration, authorization or master data issue","Verify configuration, master data and user authorization",ZFI0824,ZTAB0824,Low
ERR0831,QM,Custom error message 825,"Configuration, authorization or master data issue","Verify configuration, master data and user authorization",ZQM0825,ZTAB0825,Low
ERR0832,MM,Custom error message 826,"Configuration, authorization or master data issue","Verify configuration, master data and user authorization",ZMM0826,ZTAB0826,Low
ERR0833,SD,Custom error message 827,"Configuration, authorization or master data issue","Verify configuration, master data and user authorization",ZSD0827,ZTAB0827,High
ERR0834,QM,Custom error message 828,"Configuration, authorization or master data issue","Verify configuration, master data and user authorization",ZQM0828,ZTAB0828,High
ERR0835,WM,Custom error message 829,"Configuration, authorization or master data issue","Verify configuration, master data and user authorization",ZWM0829,ZTAB0829,High
ERR0836,PP,Custom error message 830,"Configuration, authorization or master data issue","Verify configuration, master data and user authorization",ZPP0830,ZTAB0830,High
ERR0837,WM,Custom error message 831,"Configuration, authorization or master data issue","Verify configuration, master data and user authorization",ZWM0831,ZTAB0831,Low
ERR0838,SD,Custom error message 832,"Configuration, authorization or master data issue","Verify configuration, master data and user authorization",ZSD0832,ZTAB0832,Low
ERR0839,WM,Custom error message 833,"Configuration, authorization or master data issue","Verify configuration, master data and user authorization",ZWM0833,ZTAB0833,Medium
ERR0840,SD,Custom error message 834,"Configuration, authorization or master data issue","Verify configuration, master data and user authorization",ZSD0834,ZTAB0834,Medium
ERR0841,WM,Custom error message 835,"Configuration, authorization or master data issue","Verify configuration, master data and user authorization",ZWM0835,ZTAB0835,Low
ERR0842,WM,Custom error message 836,"Configuration, authorization or master data issue","Verify configuration, master data and user authorization",ZWM0836,ZTAB0836,High
ERR0843,PP,Custom error message 837,"Configuration, authorization or master data issue","Verify configuration, master data and user authorization",ZPP0837,ZTAB0837,High
ERR0844,FI,Custom error message 838,"Configuration, authorization or master data issue","Verify configuration, master data and user authorization",ZFI0838,ZTAB0838,Low
ERR0845,WM,Custom error message 839,"Configuration, authorization or master data issue","Verify configuration, master data and user authorization",ZWM0839,ZTAB0839,Medium
ERR0846,MM,Custom error message 840,"Configuration, authorization or master data issue","Verify configuration, master data and user authorization",ZMM0840,ZTAB0840,Low
ERR0847,SD,Custom error message 841,"Configuration, authorization or master data issue","Verify configuration, master data and user authorization",ZSD0841,ZTAB0841,Medium
ERR0848,MM,Custom error message 842,"Configuration, authorization or master data issue","Verify configuration, master data and user authorization",ZMM0842,ZTAB0842,High
ERR0849,WM,Custom error message 843,"Configuration, authorization or master data issue","Verify configuration, master data and user authorization",ZWM0843,ZTAB0843,Low
ERR0850,PP,Custom error message 844,"Configuration, authorization or master data issue","Verify configuration, master data and user authorization",ZPP0844,ZTAB0844,High
ERR0851,QM,Custom error message 845,"Configuration, authorization or master data issue","Verify configuration, master data and user authorization",ZQM0845,ZTAB0845,Low
ERR0852,PP,Custom error message 846,"Configuration, authorization or master data issue","Verify configuration, master data and user authorization",ZPP0846,ZTAB0846,High
ERR0853,QM,Custom error message 847,"Configuration, authorization or master data issue","Verify configuration, master data and user authorization",ZQM0847,ZTAB0847,Low
ERR0854,SD,Custom error message 848,"Configuration, authorization or master data issue","Verify configuration, master data and user authorization",ZSD0848,ZTAB0848,Low
ERR0855,MM,Custom error message 849,"Configuration, authorization or master data issue","Verify configuration, master data and user authorization",ZMM0849,ZTAB0849,High
ERR0856,PP,Custom error message 850,"Configuration, authorization or master data issue","Verify configuration, master data and user authorization",ZPP0850,ZTAB0850,Medium
ERR0857,MM,Custom error message 851,"Configuration, authorization or master data issue","Verify configuration, master data and user authorization",ZMM0851,ZTAB0851,High
ERR0858,PP,Custom error message 852,"Configuration, authorization or master data issue","Verify configuration, master data and user authorization",ZPP0852,ZTAB0852,Medium
ERR0859,QM,Custom error message 853,"Configuration, authorization or master data issue","Verify configuration, master data and user authorization",ZQM0853,ZTAB0853,Medium
ERR0860,MM,Custom error message 854,"Configuration, authorization or master data issue","Verify configuration, master data and user authorization",ZMM0854,ZTAB0854,Medium
ERR0861,MM,Custom error message 855,"Configuration, authorization or master data issue","Verify configuration, master data and user authorization",ZMM0855,ZTAB0855,High
ERR0862,WM,Custom error message 856,"Configuration, authorization or master data issue","Verify configuration, master data and user authorization",ZWM0856,ZTAB0856,Medium
ERR0863,MM,Custom error message 857,"Configuration, authorization or master data issue","Verify configuration, master data and user authorization",ZMM0857,ZTAB0857,Medium
ERR0864,PP,Custom error message 858,"Configuration, authorization or master data issue","Verify configuration, master data and user authorization",ZPP0858,ZTAB0858,Low
ERR0865,WM,Custom error message 859,"Configuration, authorization or master data issue","Verify configuration, master data and user authorization",ZWM0859,ZTAB0859,Low
ERR0866,MM,Custom error message 860,"Configuration, authorization or master data issue","Verify configuration, master data and user authorization",ZMM0860,ZTAB0860,Low
ERR0867,QM,Custom error message 861,"Configuration, authorization or master data issue","Verify configuration, master data and user authorization",ZQM0861,ZTAB0861,Medium
ERR0868,FI,Custom error message 862,"Configuration, authorization or master data issue","Verify configuration, master data and user authorization",ZFI0862,ZTAB0862,Low
ERR0869,QM,Custom error message 863,"Configuration, authorization or master data issue","Verify configuration, master data and user authorization",ZQM0863,ZTAB0863,Medium
ERR0870,FI,Custom error message 864,"Configuration, authorization or master data issue","Verify configuration, master data and user authorization",ZFI0864,ZTAB0864,Medium
ERR0871,MM,Custom error message 865,"Configuration, authorization or master data issue","Verify configuration, master data and user authorization",ZMM0865,ZTAB0865,High
ERR0872,MM,Custom error message 866,"Configuration, authorization or master data issue","Verify configuration, master data and user authorization",ZMM0866,ZTAB0866,Medium
ERR0873,SD,Custom error message 867,"Configuration, authorization or master data issue","Verify configuration, master data and user authorization",ZSD0867,ZTAB0867,High
ERR0874,QM,Custom error message 868,"Configuration, authorization or master data issue","Verify configuration, master data and user authorization",ZQM0868,ZTAB0868,Low
ERR0875,FI,Custom error message 869,"Configuration, authorization or master data issue","Verify configuration, master data and user authorization",ZFI0869,ZTAB0869,Medium
ERR0876,SD,Custom error message 870,"Configuration, authorization or master data issue","Verify configuration, master data and user authorization",ZSD0870,ZTAB0870,High
ERR0877,PP,Custom error message 871,"Configuration, authorization or master data issue","Verify configuration, master data and user authorization",ZPP0871,ZTAB0871,Low
ERR0878,PP,Custom error message 872,"Configuration, authorization or master data issue","Verify configuration, master data and user authorization",ZPP0872,ZTAB0872,Medium
ERR0879,FI,Custom error message 873,"Configuration, authorization or master data issue","Verify configuration, master data and user authorization",ZFI0873,ZTAB0873,High
ERR0880,FI,Custom error message 874,"Configuration, authorization or master data issue","Verify configuration, master data and user authorization",ZFI0874,ZTAB0874,Medium
ERR0881,QM,Custom error message 875,"Configuration, authorization or master data issue","Verify configuration, master data and user authorization",ZQM0875,ZTAB0875,Medium
ERR0882,WM,Custom error message 876,"Configuration, authorization or master data issue","Verify configuration, master data and user authorization",ZWM0876,ZTAB0876,Medium
ERR0883,WM,Custom error message 877,"Configuration, authorization or master data issue","Verify configuration, master data and user authorization",ZWM0877,ZTAB0877,Medium
ERR0884,PP,Custom error message 878,"Configuration, authorization or master data issue","Verify configuration, master data and user authorization",ZPP0878,ZTAB0878,Low
ERR0885,QM,Custom error message 879,"Configuration, authorization or master data issue","Verify configuration, master data and user authorization",ZQM0879,ZTAB0879,Low
ERR0886,QM,Custom error message 880,"Configuration, authorization or master data issue","Verify configuration, master data and user authorization",ZQM0880,ZTAB0880,High
ERR0887,SD,Custom error message 881,"Configuration, authorization or master data issue","Verify configuration, master data and user authorization",ZSD0881,ZTAB0881,Medium
ERR0888,QM,Custom error message 882,"Configuration, authorization or master data issue","Verify configuration, master data and user authorization",ZQM0882,ZTAB0882,Medium
ERR0889,WM,Custom error message 883,"Configuration, authorization or master data issue","Verify configuration, master data and user authorization",ZWM0883,ZTAB0883,Low
ERR0890,QM,Custom error message 884,"Configuration, authorization or master data issue","Verify configuration, master data and user authorization",ZQM0884,ZTAB0884,Medium
ERR0891,WM,Custom error message 885,"Configuration, authorization or master data issue","Verify configuration, master data and user authorization",ZWM0885,ZTAB0885,Low
ERR0892,SD,Custom error message 886,"Configuration, authorization or master data issue","Verify configuration, master data and user authorization",ZSD0886,ZTAB0886,High
ERR0893,PP,Custom error message 887,"Configuration, authorization or master data issue","Verify configuration, master data and user authorization",ZPP0887,ZTAB0887,Medium
ERR0894,WM,Custom error message 888,"Configuration, authorization or master data issue","Verify configuration, master data and user authorization",ZWM0888,ZTAB0888,Low
ERR0895,QM,Custom error message 889,"Configuration, authorization or master data issue","Verify configuration, master data and user authorization",ZQM0889,ZTAB0889,Low
ERR0896,PP,Custom error message 890,"Configuration, authorization or master data issue","Verify configuration, master data and user authorization",ZPP0890,ZTAB0890,High
ERR0897,FI,Custom error message 891,"Configuration, authorization or master data issue","Verify configuration, master data and user authorization",ZFI0891,ZTAB0891,Low
ERR0898,MM,Custom error message 892,"Configuration, authorization or master data issue","Verify configuration, master data and user authorization",ZMM0892,ZTAB0892,Low
ERR0899,WM,Custom error message 893,"Configuration, authorization or master data issue","Verify configuration, master data and user authorization",ZWM0893,ZTAB0893,Medium
ERR0900,WM,Custom error message 894,"Configuration, authorization or master data issue","Verify configuration, master data and user authorization",ZWM0894,ZTAB0894,Low
ERR0901,WM,Custom error message 895,"Configuration, authorization or master data issue","Verify configuration, master data and user authorization",ZWM0895,ZTAB0895,Medium
ERR0902,QM,Custom error message 896,"Configuration, authorization or master data issue","Verify configuration, master data and user authorization",ZQM0896,ZTAB0896,High
ERR0903,QM,Custom error message 897,"Configuration, authorization or master data issue","Verify configuration, master data and user authorization",ZQM0897,ZTAB0897,Low
ERR0904,FI,Custom error message 898,"Configuration, authorization or master data issue","Verify configuration, master data and user authorization",ZFI0898,ZTAB0898,Medium
ERR0905,FI,Custom error message 899,"Configuration, authorization or master data issue","Verify configuration, master data and user authorization",ZFI0899,ZTAB0899,High
ERR0906,QM,Custom error message 900,"Configuration, authorization or master data issue","Verify configuration, master data and user authorization",ZQM0900,ZTAB0900,Low
ERR0907,SD,Custom error message 901,"Configuration, authorization or master data issue","Verify configuration, master data and user authorization",ZSD0901,ZTAB0901,Medium
ERR0908,FI,Custom error message 902,"Configuration, authorization or master data issue","Verify configuration, master data and user authorization",ZFI0902,ZTAB0902,High
ERR0909,PP,Custom error message 903,"Configuration, authorization or master data issue","Verify configuration, master data and user authorization",ZPP0903,ZTAB0903,High
ERR0910,FI,Custom error message 904,"Configuration, authorization or master data issue","Verify configuration, master data and user authorization",ZFI0904,ZTAB0904,Medium
ERR0911,FI,Custom error message 905,"Configuration, authorization or master data issue","Verify configuration, master data and user authorization",ZFI0905,ZTAB0905,Low
ERR0912,QM,Custom error message 906,"Configuration, authorization or master data issue","Verify configuration, master data and user authorization",ZQM0906,ZTAB0906,Medium
ERR0913,PP,Custom error message 907,"Configuration, authorization or master data issue","Verify configuration, master data and user authorization",ZPP0907,ZTAB0907,High
ERR0914,FI,Custom error message 908,"Configuration, authorization or master data issue","Verify configuration, master data and user authorization",ZFI0908,ZTAB0908,Low
ERR0915,PP,Custom error message 909,"Configuration, authorization or master data issue","Verify configuration, master data and user authorization",ZPP0909,ZTAB0909,High
ERR0916,QM,Custom error message 910,"Configuration, authorization or master data issue","Verify configuration, master data and user authorization",ZQM0910,ZTAB0910,High
ERR0917,MM,Custom error message 911,"Configuration, authorization or master data issue","Verify configuration, master data and user authorization",ZMM0911,ZTAB0911,Low
ERR0918,FI,Custom error message 912,"Configuration, authorization or master data issue","Verify configuration, master data and user authorization",ZFI0912,ZTAB0912,High
ERR0919,QM,Custom error message 913,"Configuration, authorization or master data issue","Verify configuration, master data and user authorization",ZQM0913,ZTAB0913,Medium
ERR0920,WM,Custom error message 914,"Configuration, authorization or master data issue","Verify configuration, master data and user authorization",ZWM0914,ZTAB0914,Low
ERR0921,QM,Custom error message 915,"Configuration, authorization or master data issue","Verify configuration, master data and user authorization",ZQM0915,ZTAB0915,High
ERR0922,QM,Custom error message 916,"Configuration, authorization or master data issue","Verify configuration, master data and user authorization",ZQM0916,ZTAB0916,Low
ERR0923,SD,Custom error message 917,"Configuration, authorization or master data issue","Verify configuration, master data and user authorization",ZSD0917,ZTAB0917,Low
ERR0924,FI,Custom error message 918,"Configuration, authorization or master data issue","Verify configuration, master data and user authorization",ZFI0918,ZTAB0918,Medium
ERR0925,SD,Custom error message 919,"Configuration, authorization or master data issue","Verify configuration, master data and user authorization",ZSD0919,ZTAB0919,Medium
ERR0926,WM,Custom error message 920,"Configuration, authorization or master data issue","Verify configuration, master data and user authorization",ZWM0920,ZTAB0920,Medium
ERR0927,PP,Custom error message 921,"Configuration, authorization or master data issue","Verify configuration, master data and user authorization",ZPP0921,ZTAB0921,Medium
ERR0928,WM,Custom error message 922,"Configuration, authorization or master data issue","Verify configuration, master data and user authorization",ZWM0922,ZTAB0922,High
ERR0929,SD,Custom error message 923,"Configuration, authorization or master data issue","Verify configuration, master data and user authorization",ZSD0923,ZTAB0923,Medium
ERR0930,SD,Custom error message 924,"Configuration, authorization or master data issue","Verify configuration, master data and user authorization",ZSD0924,ZTAB0924,Low
ERR0931,FI,Custom error message 925,"Configuration, authorization or master data issue","Verify configuration, master data and user authorization",ZFI0925,ZTAB0925,Medium
ERR0932,MM,Custom error message 926,"Configuration, authorization or master data issue","Verify configuration, master data and user authorization",ZMM0926,ZTAB0926,High
ERR0933,WM,Custom error message 927,"Configuration, authorization or master data issue","Verify configuration, master data and user authorization",ZWM0927,ZTAB0927,Medium
ERR0934,PP,Custom error message 928,"Configuration, authorization or master data issue","Verify configuration, master data and user authorization",ZPP0928,ZTAB0928,High
ERR0935,FI,Custom error message 929,"Configuration, authorization or master data issue","Verify configuration, master data and user authorization",ZFI0929,ZTAB0929,High
ERR0936,PP,Custom error message 930,"Configuration, authorization or master data issue","Verify configuration, master data and user authorization",ZPP0930,ZTAB0930,Medium
ERR0937,MM,Custom error message 931,"Configuration, authorization or master data issue","Verify configuration, master data and user authorization",ZMM0931,ZTAB0931,Low
ERR0938,QM,Custom error message 932,"Configuration, authorization or master data issue","Verify configuration, master data and user authorization",ZQM0932,ZTAB0932,Low
ERR0939,MM,Custom error message 933,"Configuration, authorization or master data issue","Verify configuration, master data and user authorization",ZMM0933,ZTAB0933,High
ERR0940,QM,Custom error message 934,"Configuration, authorization or master data issue","Verify configuration, master data and user authorization",ZQM0934,ZTAB0934,Low
ERR0941,MM,Custom error message 935,"Configuration, authorization or master data issue","Verify configuration, master data and user authorization",ZMM0935,ZTAB0935,Low
ERR0942,FI,Custom error message 936,"Configuration, authorization or master data issue","Verify configuration, master data and user authorization",ZFI0936,ZTAB0936,Medium
ERR0943,WM,Custom error message 937,"Configuration, authorization or master data issue","Verify configuration, master data and user authorization",ZWM0937,ZTAB0937,High
ERR0944,WM,Custom error message 938,"Configuration, authorization or master data issue","Verify configuration, master data and user authorization",ZWM0938,ZTAB0938,Low
ERR0945,QM,Custom error message 939,"Configuration, authorization or master data issue","Verify configuration, master data and user authorization",ZQM0939,ZTAB0939,High
ERR0946,QM,Custom error message 940,"Configuration, authorization or master data issue","Verify configuration, master data and user authorization",ZQM0940,ZTAB0940,Low
ERR0947,SD,Custom error message 941,"Configuration, authorization or master data issue","Verify configuration, master data and user authorization",ZSD0941,ZTAB0941,Low
ERR0948,WM,Custom error message 942,"Configuration, authorization or master data issue","Verify configuration, master data and user authorization",ZWM0942,ZTAB0942,Low
ERR0949,PP,Custom error message 943,"Configuration, authorization or master data issue","Verify configuration, master data and user authorization",ZPP0943,ZTAB0943,Low
ERR0950,PP,Custom error message 944,"Configuration, authorization or master data issue","Verify configuration, master data and user authorization",ZPP0944,ZTAB0944,Medium
ERR0951,WM,Custom error message 945,"Configuration, authorization or master data issue","Verify configuration, master data and user authorization",ZWM0945,ZTAB0945,Medium
ERR0952,SD,Custom error message 946,"Configuration, authorization or master data issue","Verify configuration, master data and user authorization",ZSD0946,ZTAB0946,Medium
ERR0953,FI,Custom error message 947,"Configuration, authorization or master data issue","Verify configuration, master data and user authorization",ZFI0947,ZTAB0947,Medium
ERR0954,FI,Custom error message 948,"Configuration, authorization or master data issue","Verify configuration, master data and user authorization",ZFI0948,ZTAB0948,High
ERR0955,MM,Custom error message 949,"Configuration, authorization or master data issue","Verify configuration, master data and user authorization",ZMM0949,ZTAB0949,Low
ERR0956,QM,Custom error message 950,"Configuration, authorization or master data issue","Verify configuration, master data and user authorization",ZQM0950,ZTAB0950,High
ERR0957,FI,Custom error message 951,"Configuration, authorization or master data issue","Verify configuration, master data and user authorization",ZFI0951,ZTAB0951,Low
ERR0958,MM,Custom error message 952,"Configuration, authorization or master data issue","Verify configuration, master data and user authorization",ZMM0952,ZTAB0952,High
ERR0959,WM,Custom error message 953,"Configuration, authorization or master data issue","Verify configuration, master data and user authorization",ZWM0953,ZTAB0953,Low
ERR0960,QM,Custom error message 954,"Configuration, authorization or master data issue","Verify configuration, master data and user authorization",ZQM0954,ZTAB0954,High
ERR0961,WM,Custom error message 955,"Configuration, authorization or master data issue","Verify configuration, master data and user authorization",ZWM0955,ZTAB0955,Low
ERR0962,PP,Custom error message 956,"Configuration, authorization or master data issue","Verify configuration, master data and user authorization",ZPP0956,ZTAB0956,Low
ERR0963,QM,Custom error message 957,"Configuration, authorization or master data issue","Verify configuration, master data and user authorization",ZQM0957,ZTAB0957,Low
ERR0964,QM,Custom error message 958,"Configuration, authorization or master data issue","Verify configuration, master data and user authorization",ZQM0958,ZTAB0958,High
ERR0965,PP,Custom error message 959,"Configuration, authorization or master data issue","Verify configuration, master data and user authorization",ZPP0959,ZTAB0959,Low
ERR0966,MM,Custom error message 960,"Configuration, authorization or master data issue","Verify configuration, master data and user authorization",ZMM0960,ZTAB0960,Low
ERR0967,SD,Custom error message 961,"Configuration, authorization or master data issue","Verify configuration, master data and user authorization",ZSD0961,ZTAB0961,High
ERR0968,QM,Custom error message 962,"Configuration, authorization or master data issue","Verify configuration, master data and user authorization",ZQM0962,ZTAB0962,High
ERR0969,QM,Custom error message 963,"Configuration, authorization or master data issue","Verify configuration, master data and user authorization",ZQM0963,ZTAB0963,High
ERR0970,SD,Custom error message 964,"Configuration, authorization or master data issue","Verify configuration, master data and user authorization",ZSD0964,ZTAB0964,High
ERR0971,QM,Custom error message 965,"Configuration, authorization or master data issue","Verify configuration, master data and user authorization",ZQM0965,ZTAB0965,High
ERR0972,FI,Custom error message 966,"Configuration, authorization or master data issue","Verify configuration, master data and user authorization",ZFI0966,ZTAB0966,Low
ERR0973,QM,Custom error message 967,"Configuration, authorization or master data issue","Verify configuration, master data and user authorization",ZQM0967,ZTAB0967,Low
ERR0974,QM,Custom error message 968,"Configuration, authorization or master data issue","Verify configuration, master data and user authorization",ZQM0968,ZTAB0968,High
ERR0975,SD,Custom error message 969,"Configuration, authorization or master data issue","Verify configuration, master data and user authorization",ZSD0969,ZTAB0969,High
ERR0976,QM,Custom error message 970,"Configuration, authorization or master data issue","Verify configuration, master data and user authorization",ZQM0970,ZTAB0970,High
ERR0977,PP,Custom error message 971,"Configuration, authorization or master data issue","Verify configuration, master data and user authorization",ZPP0971,ZTAB0971,Medium
ERR0978,FI,Custom error message 972,"Configuration, authorization or master data issue","Verify configuration, master data and user authorization",ZFI0972,ZTAB0972,Low
ERR0979,SD,Custom error message 973,"Configuration, authorization or master data issue","Verify configuration, master data and user authorization",ZSD0973,ZTAB0973,High
ERR0980,SD,Custom error message 974,"Configuration, authorization or master data issue","Verify configuration, master data and user authorization",ZSD0974,ZTAB0974,Medium
ERR0981,WM,Custom error message 975,"Configuration, authorization or master data issue","Verify configuration, master data and user authorization",ZWM0975,ZTAB0975,High
ERR0982,MM,Custom error message 976,"Configuration, authorization or master data issue","Verify configuration, master data and user authorization",ZMM0976,ZTAB0976,High
ERR0983,QM,Custom error message 977,"Configuration, authorization or master data issue","Verify configuration, master data and user authorization",ZQM0977,ZTAB0977,High
ERR0984,SD,Custom error message 978,"Configuration, authorization or master data issue","Verify configuration, master data and user authorization",ZSD0978,ZTAB0978,High
ERR0985,FI,Custom error message 979,"Configuration, authorization or master data issue","Verify configuration, master data and user authorization",ZFI0979,ZTAB0979,Low
ERR0986,SD,Custom error message 980,"Configuration, authorization or master data issue","Verify configuration, master data and user authorization",ZSD0980,ZTAB0980,High
ERR0987,PP,Custom error message 981,"Configuration, authorization or master data issue","Verify configuration, master data and user authorization",ZPP0981,ZTAB0981,Low
ERR0988,MM,Custom error message 982,"Configuration, authorization or master data issue","Verify configuration, master data and user authorization",ZMM0982,ZTAB0982,Medium
ERR0989,QM,Custom error message 983,"Configuration, authorization or master data issue","Verify configuration, master data and user authorization",ZQM0983,ZTAB0983,High
ERR0990,MM,Custom error message 984,"Configuration, authorization or master data issue","Verify configuration, master data and user authorization",ZMM0984,ZTAB0984,High
ERR0991,WM,Custom error message 985,"Configuration, authorization or master data issue","Verify configuration, master data and user authorization",ZWM0985,ZTAB0985,Medium
ERR0992,SD,Custom error message 986,"Configuration, authorization or master data issue","Verify configuration, master data and user authorization",ZSD0986,ZTAB0986,Medium
ERR0993,PP,Custom error message 987,"Configuration, authorization or master data issue","Verify configuration, master data and user authorization",ZPP0987,ZTAB0987,High
ERR0994,SD,Custom error message 988,"Configuration, authorization or master data issue","Verify configuration, master data and user authorization",ZSD0988,ZTAB0988,Low
ERR0995,PP,Custom error message 989,"Configuration, authorization or master data issue","Verify configuration, master data and user authorization",ZPP0989,ZTAB0989,Low
ERR0996,PP,Custom error message 990,"Configuration, authorization or master data issue","Verify configuration, master data and user authorization",ZPP0990,ZTAB0990,Low
ERR0997,SD,Custom error message 991,"Configuration, authorization or master data issue","Verify configuration, master data and user authorization",ZSD0991,ZTAB0991,High
ERR0998,WM,Custom error message 992,"Configuration, authorization or master data issue","Verify configuration, master data and user authorization",ZWM0992,ZTAB0992,Low
ERR0999,FI,Custom error message 993,"Configuration, authorization or master data issue","Verify configuration, master data and user authorization",ZFI0993,ZTAB0993,Low
ERR1000,SD,Custom error message 994,"Configuration, authorization or master data issue","Verify configuration, master data and user authorization",ZSD0994,ZTAB0994,Low
