issue_id,module,title,symptoms,root_cause,diagnosis_steps,resolution,verification,related_tcodes,related_tables,priority,keywords
ISS0001,SD,Sales Order Not Visible,User cannot find sales order,Sales area/authorization missing,Check VA03 and SU53,Assign sales area or role,User can display order,VA03;SU53,VBAK;VBAP,High,sd
ISS0002,MM,Purchase Order Release Failed,Release button disabled,Release strategy not met,Check ME29N and release strategy,Maintain release strategy,PO released,ME29N;SPRO,EKKO;EKPO,High,mm
ISS0003,MM,Goods Receipt Failed,GR cannot be posted,PO or stock inconsistency,Check MIGO document,Correct PO/stock,GR posted,MIGO,MKPF;MSEG,Low,mm
ISS0004,SD,Delivery Creation Failed,Delivery not created,Shipping point missing,Check VL01N shipping data,Maintain shipping point,Delivery created,VL01N,LIKP;LIPS,Critical,sd
ISS0005,FI,Invoice Posting Error,Invoice not posted,Missing G/L account,Check account determination,Maintain G/L mapping,Invoice posted,FB60,BKPF;BSEG,Critical,fi
ISS0006,PP,Custom Issue 5,Unexpected SAP system behavior,Configuration or authorization issue,"Review logs, authorization and master data",Correct configuration and retest,Process completed successfully,ZPP0005,ZTAB0005,High,pp
ISS0007,SD,Custom Issue 6,Unexpected SAP system behavior,Configuration or authorization issue,"Review logs, authorization and master data",Correct configuration and retest,Process completed successfully,ZSD0006,ZTAB0006,Critical,sd
ISS0008,PP,Custom Issue 7,Unexpected SAP system behavior,Configuration or authorization issue,"Review logs, authorization and master data",Correct configuration and retest,Process completed successfully,ZPP0007,ZTAB0007,Critical,pp
ISS0009,QM,Custom Issue 8,Unexpected SAP system behavior,Configuration or authorization issue,"Review logs, authorization and master data",Correct configuration and retest,Process completed successfully,ZQM0008,ZTAB0008,High,qm
ISS0010,QM,Custom Issue 9,Unexpected SAP system behavior,Configuration or authorization issue,"Review logs, authorization and master data",Correct configuration and retest,Process completed successfully,ZQM0009,ZTAB0009,Low,qm
ISS0011,FI,Custom Issue 10,Unexpected SAP system behavior,Configuration or authorization issue,"Review logs, authorization and master data",Correct configuration and retest,Process completed successfully,ZFI0010,ZTAB0010,Medium,fi
ISS0012,FI,Custom Issue 11,Unexpected SAP system behavior,Configuration or authorization issue,"Review logs, authorization and master data",Correct configuration and retest,Process completed successfully,ZFI0011,ZTAB0011,Medium,fi
ISS0013,MM,Custom Issue 12,Unexpected SAP system behavior,Configuration or authorization issue,"Review logs, authorization and master data",Correct configuration and retest,Process completed successfully,ZMM0012,ZTAB0012,Critical,mm
ISS0014,QM,Custom Issue 13,Unexpected SAP system behavior,Configuration or authorization issue,"Review logs, authorization and master data",Correct configuration and retest,Process completed successfully,ZQM0013,ZTAB0013,High,qm
ISS0015,WM,Custom Issue 14,Unexpected SAP system behavior,Configuration or authorization issue,"Review logs, authorization and master data",Correct configuration and retest,Process completed successfully,ZWM0014,ZTAB0014,High,wm
ISS0016,WM,Custom Issue 15,Unexpected SAP system behavior,Configuration or authorization issue,"Review logs, authorization and master data",Correct configuration and retest,Process completed successfully,ZWM0015,ZTAB0015,High,wm
ISS0017,SD,Custom Issue 16,Unexpected SAP system behavior,Configuration or authorization issue,"Review logs, authorization and master data",Correct configuration and retest,Process completed successfully,ZSD0016,ZTAB0016,Medium,sd
ISS0018,PP,Custom Issue 17,Unexpected SAP system behavior,Configuration or authorization issue,"Review logs, authorization and master data",Correct configuration and retest,Process completed successfully,ZPP0017,ZTAB0017,Low,pp
ISS0019,WM,Custom Issue 18,Unexpected SAP system behavior,Configuration or authorization issue,"Review logs, authorization and master data",Correct configuration and retest,Process completed successfully,ZWM0018,ZTAB0018,Medium,wm
ISS0020,QM,Custom Issue 19,Unexpected SAP system behavior,Configuration or authorization issue,"Review logs, authorization and master data",Correct configuration and retest,Process completed successfully,ZQM0019,ZTAB0019,Critical,qm
ISS0021,FI,Custom Issue 20,Unexpected SAP system behavior,Configuration or authorization issue,"Review logs, authorization and master data",Correct configuration and retest,Process completed successfully,ZFI0020,ZTAB0020,Low,fi
ISS0022,FI,Custom Issue 21,Unexpected SAP system behavior,Configuration or authorization issue,"Review logs, authorization and master data",Correct configuration and retest,Process completed successfully,ZFI0021,ZTAB0021,High,fi
ISS0023,WM,Custom Issue 22,Unexpected SAP system behavior,Configuration or authorization issue,"Review logs, authorization and master data",Correct configuration and retest,Process completed successfully,ZWM0022,ZTAB0022,High,wm
ISS0024,WM,Custom Issue 23,Unexpected SAP system behavior,Configuration or authorization issue,"Review logs, authorization and master data",Correct configuration and retest,Process completed successfully,ZWM0023,ZTAB0023,Medium,wm
ISS0025,MM,Custom Issue 24,Unexpected SAP system behavior,Configuration or authorization issue,"Review logs, authorization and master data",Correct configuration and retest,Process completed successfully,ZMM0024,ZTAB0024,Low,mm
ISS0026,QM,Custom Issue 25,Unexpected SAP system behavior,Configuration or authorization issue,"Review logs, authorization and master data",Correct configuration and retest,Process completed successfully,ZQM0025,ZTAB0025,Medium,qm
ISS0027,WM,Custom Issue 26,Unexpected SAP system behavior,Configuration or authorization issue,"Review logs, authorization and master data",Correct configuration and retest,Process completed successfully,ZWM0026,ZTAB0026,Medium,wm
ISS0028,QM,Custom Issue 27,Unexpected SAP system behavior,Configuration or authorization issue,"Review logs, authorization and master data",Correct configuration and retest,Process completed successfully,ZQM0027,ZTAB0027,Low,qm
ISS0029,MM,Custom Issue 28,Unexpected SAP system behavior,Configuration or authorization issue,"Review logs, authorization and master data",Correct configuration and retest,Process completed successfully,ZMM0028,ZTAB0028,Critical,mm
ISS0030,WM,Custom Issue 29,Unexpected SAP system behavior,Configuration or authorization issue,"Review logs, authorization and master data",Correct configuration and retest,Process completed successfully,ZWM0029,ZTAB0029,Low,wm
ISS0031,QM,Custom Issue 30,Unexpected SAP system behavior,Configuration or authorization issue,"Review logs, authorization and master data",Correct configuration and retest,Process completed successfully,ZQM0030,ZTAB0030,Low,qm
ISS0032,QM,Custom Issue 31,Unexpected SAP system behavior,Configuration or authorization issue,"Review logs, authorization and master data",Correct configuration and retest,Process completed successfully,ZQM0031,ZTAB0031,Critical,qm
ISS0033,QM,Custom Issue 32,Unexpected SAP system behavior,Configuration or authorization issue,"Review logs, authorization and master data",Correct configuration and retest,Process completed successfully,ZQM0032,ZTAB0032,Critical,qm
ISS0034,SD,Custom Issue 33,Unexpected SAP system behavior,Configuration or authorization issue,"Review logs, authorization and master data",Correct configuration and retest,Process completed successfully,ZSD0033,ZTAB0033,Medium,sd
ISS0035,FI,Custom Issue 34,Unexpected SAP system behavior,Configuration or authorization issue,"Review logs, authorization and master data",Correct configuration and retest,Process completed successfully,ZFI0034,ZTAB0034,High,fi
ISS0036,WM,Custom Issue 35,Unexpected SAP system behavior,Configuration or authorization issue,"Review logs, authorization and master data",Correct configuration and retest,Process completed successfully,ZWM0035,ZTAB0035,High,wm
ISS0037,SD,Custom Issue 36,Unexpected SAP system behavior,Configuration or authorization issue,"Review logs, authorization and master data",Correct configuration and retest,Process completed successfully,ZSD0036,ZTAB0036,High,sd
ISS0038,FI,Custom Issue 37,Unexpected SAP system behavior,Configuration or authorization issue,"Review logs, authorization and master data",Correct configuration and retest,Process completed successfully,ZFI0037,ZTAB0037,Critical,fi
ISS0039,MM,Custom Issue 38,Unexpected SAP system behavior,Configuration or authorization issue,"Review logs, authorization and master data",Correct configuration and retest,Process completed successfully,ZMM0038,ZTAB0038,Medium,mm
ISS0040,MM,Custom Issue 39,Unexpected SAP system behavior,Configuration or authorization issue,"Review logs, authorization and master data",Correct configuration and retest,Process completed successfully,ZMM0039,ZTAB0039,Low,mm
ISS0041,FI,Custom Issue 40,Unexpected SAP system behavior,Configuration or authorization issue,"Review logs, authorization and master data",Correct configuration and retest,Process completed successfully,ZFI0040,ZTAB0040,Medium,fi
ISS0042,FI,Custom Issue 41,Unexpected SAP system behavior,Configuration or authorization issue,"Review logs, authorization and master data",Correct configuration and retest,Process completed successfully,ZFI0041,ZTAB0041,Medium,fi
ISS0043,WM,Custom Issue 42,Unexpected SAP system behavior,Configuration or authorization issue,"Review logs, authorization and master data",Correct configuration and retest,Process completed successfully,ZWM0042,ZTAB0042,Low,wm
ISS0044,FI,Custom Issue 43,Unexpected SAP system behavior,Configuration or authorization issue,"Review logs, authorization and master data",Correct configuration and retest,Process completed successfully,ZFI0043,ZTAB0043,Critical,fi
ISS0045,MM,Custom Issue 44,Unexpected SAP system behavior,Configuration or authorization issue,"Review logs, authorization and master data",Correct configuration and retest,Process completed successfully,ZMM0044,ZTAB0044,Medium,mm
ISS0046,QM,Custom Issue 45,Unexpected SAP system behavior,Configuration or authorization issue,"Review logs, authorization and master data",Correct configuration and retest,Process completed successfully,ZQM0045,ZTAB0045,High,qm
ISS0047,SD,Custom Issue 46,Unexpected SAP system behavior,Configuration or authorization issue,"Review logs, authorization and master data",Correct configuration and retest,Process completed successfully,ZSD0046,ZTAB0046,Medium,sd
ISS0048,MM,Custom Issue 47,Unexpected SAP system behavior,Configuration or authorization issue,"Review logs, authorization and master data",Correct configuration and retest,Process completed successfully,ZMM0047,ZTAB0047,Low,mm
ISS0049,WM,Custom Issue 48,Unexpected SAP system behavior,Configuration or authorization issue,"Review logs, authorization and master data",Correct configuration and retest,Process completed successfully,ZWM0048,ZTAB0048,Critical,wm
ISS0050,WM,Custom Issue 49,Unexpected SAP system behavior,Configuration or authorization issue,"Review logs, authorization and master data",Correct configuration and retest,Process completed successfully,ZWM0049,ZTAB0049,Critical,wm
ISS0051,MM,Custom Issue 50,Unexpected SAP system behavior,Configuration or authorization issue,"Review logs, authorization and master data",Correct configuration and retest,Process completed successfully,ZMM0050,ZTAB0050,Medium,mm
ISS0052,WM,Custom Issue 51,Unexpected SAP system behavior,Configuration or authorization issue,"Review logs, authorization and master data",Correct configuration and retest,Process completed successfully,ZWM0051,ZTAB0051,High,wm
ISS0053,QM,Custom Issue 52,Unexpected SAP system behavior,Configuration or authorization issue,"Review logs, authorization and master data",Correct configuration and retest,Process completed successfully,ZQM0052,ZTAB0052,Critical,qm
ISS0054,SD,Custom Issue 53,Unexpected SAP system behavior,Configuration or authorization issue,"Review logs, authorization and master data",Correct configuration and retest,Process completed successfully,ZSD0053,ZTAB0053,Critical,sd
ISS0055,FI,Custom Issue 54,Unexpected SAP system behavior,Configuration or authorization issue,"Review logs, authorization and master data",Correct configuration and retest,Process completed successfully,ZFI0054,ZTAB0054,Critical,fi
ISS0056,FI,Custom Issue 55,Unexpected SAP system behavior,Configuration or authorization issue,"Review logs, authorization and master data",Correct configuration and retest,Process completed successfully,ZFI0055,ZTAB0055,Low,fi
ISS0057,QM,Custom Issue 56,Unexpected SAP system behavior,Configuration or authorization issue,"Review logs, authorization and master data",Correct configuration and retest,Process completed successfully,ZQM0056,ZTAB0056,Low,qm
ISS0058,QM,Custom Issue 57,Unexpected SAP system behavior,Configuration or authorization issue,"Review logs, authorization and master data",Correct configuration and retest,Process completed successfully,ZQM0057,ZTAB0057,Low,qm
ISS0059,FI,Custom Issue 58,Unexpected SAP system behavior,Configuration or authorization issue,"Review logs, authorization and master data",Correct configuration and retest,Process completed successfully,ZFI0058,ZTAB0058,Critical,fi
ISS0060,QM,Custom Issue 59,Unexpected SAP system behavior,Configuration or authorization issue,"Review logs, authorization and master data",Correct configuration and retest,Process completed successfully,ZQM0059,ZTAB0059,Low,qm
ISS0061,FI,Custom Issue 60,Unexpected SAP system behavior,Configuration or authorization issue,"Review logs, authorization and master data",Correct configuration and retest,Process completed successfully,ZFI0060,ZTAB0060,Critical,fi
ISS0062,MM,Custom Issue 61,Unexpected SAP system behavior,Configuration or authorization issue,"Review logs, authorization and master data",Correct configuration and retest,Process completed successfully,ZMM0061,ZTAB0061,Low,mm
ISS0063,FI,Custom Issue 62,Unexpected SAP system behavior,Configuration or authorization issue,"Review logs, authorization and master data",Correct configuration and retest,Process completed successfully,ZFI0062,ZTAB0062,Medium,fi
ISS0064,SD,Custom Issue 63,Unexpected SAP system behavior,Configuration or authorization issue,"Review logs, authorization and master data",Correct configuration and retest,Process completed successfully,ZSD0063,ZTAB0063,Low,sd
ISS0065,FI,Custom Issue 64,Unexpected SAP system behavior,Configuration or authorization issue,"Review logs, authorization and master data",Correct configuration and retest,Process completed successfully,ZFI0064,ZTAB0064,Critical,fi
ISS0066,QM,Custom Issue 65,Unexpected SAP system behavior,Configuration or authorization issue,"Review logs, authorization and master data",Correct configuration and retest,Process completed successfully,ZQM0065,ZTAB0065,Low,qm
ISS0067,SD,Custom Issue 66,Unexpected SAP system behavior,Configuration or authorization issue,"Review logs, authorization and master data",Correct configuration and retest,Process completed successfully,ZSD0066,ZTAB0066,Low,sd
ISS0068,PP,Custom Issue 67,Unexpected SAP system behavior,Configuration or authorization issue,"Review logs, authorization and master data",Correct configuration and retest,Process completed successfully,ZPP0067,ZTAB0067,Medium,pp
ISS0069,WM,Custom Issue 68,Unexpected SAP system behavior,Configuration or authorization issue,"Review logs, authorization and master data",Correct configuration and retest,Process completed successfully,ZWM0068,ZTAB0068,Critical,wm
ISS0070,WM,Custom Issue 69,Unexpected SAP system behavior,Configuration or authorization issue,"Review logs, authorization and master data",Correct configuration and retest,Process completed successfully,ZWM0069,ZTAB0069,Medium,wm
ISS0071,SD,Custom Issue 70,Unexpected SAP system behavior,Configuration or authorization issue,"Review logs, authorization and master data",Correct configuration and retest,Process completed successfully,ZSD0070,ZTAB0070,High,sd
ISS0072,PP,Custom Issue 71,Unexpected SAP system behavior,Configuration or authorization issue,"Review logs, authorization and master data",Correct configuration and retest,Process completed successfully,ZPP0071,ZTAB0071,Critical,pp
ISS0073,FI,Custom Issue 72,Unexpected SAP system behavior,Configuration or authorization issue,"Review logs, authorization and master data",Correct configuration and retest,Process completed successfully,ZFI0072,ZTAB0072,Low,fi
ISS0074,SD,Custom Issue 73,Unexpected SAP system behavior,Configuration or authorization issue,"Review logs, authorization and master data",Correct configuration and retest,Process completed successfully,ZSD0073,ZTAB0073,Critical,sd
ISS0075,QM,Custom Issue 74,Unexpected SAP system behavior,Configuration or authorization issue,"Review logs, authorization and master data",Correct configuration and retest,Process completed successfully,ZQM0074,ZTAB0074,Medium,qm
ISS0076,QM,Custom Issue 75,Unexpected SAP system behavior,Configuration or authorization issue,"Review logs, authorization and master data",Correct configuration and retest,Process completed successfully,ZQM0075,ZTAB0075,High,qm
ISS0077,WM,Custom Issue 76,Unexpected SAP system behavior,Configuration or authorization issue,"Review logs, authorization and master data",Correct configuration and retest,Process completed successfully,ZWM0076,ZTAB0076,Medium,wm
ISS0078,WM,Custom Issue 77,Unexpected SAP system behavior,Configuration or authorization issue,"Review logs, authorization and master data",Correct configuration and retest,Process completed successfully,ZWM0077,ZTAB0077,Critical,wm
ISS0079,QM,Custom Issue 78,Unexpected SAP system behavior,Configuration or authorization issue,"Review logs, authorization and master data",Correct configuration and retest,Process completed successfully,ZQM0078,ZTAB0078,Critical,qm
ISS0080,MM,Custom Issue 79,Unexpected SAP system behavior,Configuration or authorization issue,"Review logs, authorization and master data",Correct configuration and retest,Process completed successfully,ZMM0079,ZTAB0079,Low,mm
ISS0081,PP,Custom Issue 80,Unexpected SAP system behavior,Configuration or authorization issue,"Review logs, authorization and master data",Correct configuration and retest,Process completed successfully,ZPP0080,ZTAB0080,Critical,pp
ISS0082,SD,Custom Issue 81,Unexpected SAP system behavior,Configuration or authorization issue,"Review logs, authorization and master data",Correct configuration and retest,Process completed successfully,ZSD0081,ZTAB0081,Medium,sd
ISS0083,QM,Custom Issue 82,Unexpected SAP system behavior,Configuration or authorization issue,"Review logs, authorization and master data",Correct configuration and retest,Process completed successfully,ZQM0082,ZTAB0082,Low,qm
ISS0084,WM,Custom Issue 83,Unexpected SAP system behavior,Configuration or authorization issue,"Review logs, authorization and master data",Correct configuration and retest,Process completed successfully,ZWM0083,ZTAB0083,High,wm
ISS0085,SD,Custom Issue 84,Unexpected SAP system behavior,Configuration or authorization issue,"Review logs, authorization and master data",Correct configuration and retest,Process completed successfully,ZSD0084,ZTAB0084,Low,sd
ISS0086,MM,Custom Issue 85,Unexpected SAP system behavior,Configuration or authorization issue,"Review logs, authorization and master data",Correct configuration and retest,Process completed successfully,ZMM0085,ZTAB0085,Medium,mm
ISS0087,PP,Custom Issue 86,Unexpected SAP system behavior,Configuration or authorization issue,"Review logs, authorization and master data",Correct configuration and retest,Process completed successfully,ZPP0086,ZTAB0086,Medium,pp
ISS0088,FI,Custom Issue 87,Unexpected SAP system behavior,Configuration or authorization issue,"Review logs, authorization and master data",Correct configuration and retest,Process completed successfully,ZFI0087,ZTAB0087,Low,fi
ISS0089,SD,Custom Issue 88,Unexpected SAP system behavior,Configuration or authorization issue,"Review logs, authorization and master data",Correct configuration and retest,Process completed successfully,ZSD0088,ZTAB0088,Low,sd
ISS0090,MM,Custom Issue 89,Unexpected SAP system behavior,Configuration or authorization issue,"Review logs, authorization and master data",Correct configuration and retest,Process completed successfully,ZMM0089,ZTAB0089,Critical,mm
ISS0091,QM,Custom Issue 90,Unexpected SAP system behavior,Configuration or authorization issue,"Review logs, authorization and master data",Correct configuration and retest,Process completed successfully,ZQM0090,ZTAB0090,Low,qm
ISS0092,PP,Custom Issue 91,Unexpected SAP system behavior,Configuration or authorization issue,"Review logs, authorization and master data",Correct configuration and retest,Process completed successfully,ZPP0091,ZTAB0091,Medium,pp
ISS0093,PP,Custom Issue 92,Unexpected SAP system behavior,Configuration or authorization issue,"Review logs, authorization and master data",Correct configuration and retest,Process completed successfully,ZPP0092,ZTAB0092,Medium,pp
ISS0094,FI,Custom Issue 93,Unexpected SAP system behavior,Configuration or authorization issue,"Review logs, authorization and master data",Correct configuration and retest,Process completed successfully,ZFI0093,ZTAB0093,Medium,fi
ISS0095,FI,Custom Issue 94,Unexpected SAP system behavior,Configuration or authorization issue,"Review logs, authorization and master data",Correct configuration and retest,Process completed successfully,ZFI0094,ZTAB0094,High,fi
ISS0096,QM,Custom Issue 95,Unexpected SAP system behavior,Configuration or authorization issue,"Review logs, authorization and master data",Correct configuration and retest,Process completed successfully,ZQM0095,ZTAB0095,High,qm
ISS0097,MM,Custom Issue 96,Unexpected SAP system behavior,Configuration or authorization issue,"Review logs, authorization and master data",Correct configuration and retest,Process completed successfully,ZMM0096,ZTAB0096,Medium,mm
ISS0098,QM,Custom Issue 97,Unexpected SAP system behavior,Configuration or authorization issue,"Review logs, authorization and master data",Correct configuration and retest,Process completed successfully,ZQM0097,ZTAB0097,Critical,qm
ISS0099,FI,Custom Issue 98,Unexpected SAP system behavior,Configuration or authorization issue,"Review logs, authorization and master data",Correct configuration and retest,Process completed successfully,ZFI0098,ZTAB0098,High,fi
ISS0100,SD,Custom Issue 99,Unexpected SAP system behavior,Configuration or authorization issue,"Review logs, authorization and master data",Correct configuration and retest,Process completed successfully,ZSD0099,ZTAB0099,High,sd
ISS0101,SD,Custom Issue 100,Unexpected SAP system behavior,Configuration or authorization issue,"Review logs, authorization and master data",Correct configuration and retest,Process completed successfully,ZSD0100,ZTAB0100,Critical,sd
ISS0102,WM,Custom Issue 101,Unexpected SAP system behavior,Configuration or authorization issue,"Review logs, authorization and master data",Correct configuration and retest,Process completed successfully,ZWM0101,ZTAB0101,Medium,wm
ISS0103,WM,Custom Issue 102,Unexpected SAP system behavior,Configuration or authorization issue,"Review logs, authorization and master data",Correct configuration and retest,Process completed successfully,ZWM0102,ZTAB0102,Medium,wm
ISS0104,SD,Custom Issue 103,Unexpected SAP system behavior,Configuration or authorization issue,"Review logs, authorization and master data",Correct configuration and retest,Process completed successfully,ZSD0103,ZTAB0103,Medium,sd
ISS0105,FI,Custom Issue 104,Unexpected SAP system behavior,Configuration or authorization issue,"Review logs, authorization and master data",Correct configuration and retest,Process completed successfully,ZFI0104,ZTAB0104,Critical,fi
ISS0106,WM,Custom Issue 105,Unexpected SAP system behavior,Configuration or authorization issue,"Review logs, authorization and master data",Correct configuration and retest,Process completed successfully,ZWM0105,ZTAB0105,Critical,wm
ISS0107,WM,Custom Issue 106,Unexpected SAP system behavior,Configuration or authorization issue,"Review logs, authorization and master data",Correct configuration and retest,Process completed successfully,ZWM0106,ZTAB0106,High,wm
ISS0108,MM,Custom Issue 107,Unexpected SAP system behavior,Configuration or authorization issue,"Review logs, authorization and master data",Correct configuration and retest,Process completed successfully,ZMM0107,ZTAB0107,High,mm
ISS0109,FI,Custom Issue 108,Unexpected SAP system behavior,Configuration or authorization issue,"Review logs, authorization and master data",Correct configuration and retest,Process completed successfully,ZFI0108,ZTAB0108,Medium,fi
ISS0110,SD,Custom Issue 109,Unexpected SAP system behavior,Configuration or authorization issue,"Review logs, authorization and master data",Correct configuration and retest,Process completed successfully,ZSD0109,ZTAB0109,Medium,sd
ISS0111,MM,Custom Issue 110,Unexpected SAP system behavior,Configuration or authorization issue,"Review logs, authorization and master data",Correct configuration and retest,Process completed successfully,ZMM0110,ZTAB0110,Medium,mm
ISS0112,FI,Custom Issue 111,Unexpected SAP system behavior,Configuration or authorization issue,"Review logs, authorization and master data",Correct configuration and retest,Process completed successfully,ZFI0111,ZTAB0111,Medium,fi
ISS0113,WM,Custom Issue 112,Unexpected SAP system behavior,Configuration or authorization issue,"Review logs, authorization and master data",Correct configuration and retest,Process completed successfully,ZWM0112,ZTAB0112,High,wm
ISS0114,WM,Custom Issue 113,Unexpected SAP system behavior,Configuration or authorization issue,"Review logs, authorization and master data",Correct configuration and retest,Process completed successfully,ZWM0113,ZTAB0113,High,wm
ISS0115,QM,Custom Issue 114,Unexpected SAP system behavior,Configuration or authorization issue,"Review logs, authorization and master data",Correct configuration and retest,Process completed successfully,ZQM0114,ZTAB0114,Low,qm
ISS0116,QM,Custom Issue 115,Unexpected SAP system behavior,Configuration or authorization issue,"Review logs, authorization and master data",Correct configuration and retest,Process completed successfully,ZQM0115,ZTAB0115,Low,qm
ISS0117,FI,Custom Issue 116,Unexpected SAP system behavior,Configuration or authorization issue,"Review logs, authorization and master data",Correct configuration and retest,Process completed successfully,ZFI0116,ZTAB0116,Low,fi
ISS0118,WM,Custom Issue 117,Unexpected SAP system behavior,Configuration or authorization issue,"Review logs, authorization and master data",Correct configuration and retest,Process completed successfully,ZWM0117,ZTAB0117,Medium,wm
ISS0119,WM,Custom Issue 118,Unexpected SAP system behavior,Configuration or authorization issue,"Review logs, authorization and master data",Correct configuration and retest,Process completed successfully,ZWM0118,ZTAB0118,Medium,wm
ISS0120,MM,Custom Issue 119,Unexpected SAP system behavior,Configuration or authorization issue,"Review logs, authorization and master data",Correct configuration and retest,Process completed successfully,ZMM0119,ZTAB0119,Medium,mm
ISS0121,MM,Custom Issue 120,Unexpected SAP system behavior,Configuration or authorization issue,"Review logs, authorization and master data",Correct configuration and retest,Process completed successfully,ZMM0120,ZTAB0120,Medium,mm
ISS0122,WM,Custom Issue 121,Unexpected SAP system behavior,Configuration or authorization issue,"Review logs, authorization and master data",Correct configuration and retest,Process completed successfully,ZWM0121,ZTAB0121,Low,wm
ISS0123,PP,Custom Issue 122,Unexpected SAP system behavior,Configuration or authorization issue,"Review logs, authorization and master data",Correct configuration and retest,Process completed successfully,ZPP0122,ZTAB0122,Low,pp
ISS0124,PP,Custom Issue 123,Unexpected SAP system behavior,Configuration or authorization issue,"Review logs, authorization and master data",Correct configuration and retest,Process completed successfully,ZPP0123,ZTAB0123,High,pp
ISS0125,QM,Custom Issue 124,Unexpected SAP system behavior,Configuration or authorization issue,"Review logs, authorization and master data",Correct configuration and retest,Process completed successfully,ZQM0124,ZTAB0124,Critical,qm
ISS0126,SD,Custom Issue 125,Unexpected SAP system behavior,Configuration or authorization issue,"Review logs, authorization and master data",Correct configuration and retest,Process completed successfully,ZSD0125,ZTAB0125,Low,sd
ISS0127,PP,Custom Issue 126,Unexpected SAP system behavior,Configuration or authorization issue,"Review logs, authorization and master data",Correct configuration and retest,Process completed successfully,ZPP0126,ZTAB0126,High,pp
ISS0128,MM,Custom Issue 127,Unexpected SAP system behavior,Configuration or authorization issue,"Review logs, authorization and master data",Correct configuration and retest,Process completed successfully,ZMM0127,ZTAB0127,Critical,mm
ISS0129,QM,Custom Issue 128,Unexpected SAP system behavior,Configuration or authorization issue,"Review logs, authorization and master data",Correct configuration and retest,Process completed successfully,ZQM0128,ZTAB0128,Medium,qm
ISS0130,FI,Custom Issue 129,Unexpected SAP system behavior,Configuration or authorization issue,"Review logs, authorization and master data",Correct configuration and retest,Process completed successfully,ZFI0129,ZTAB0129,Critical,fi
ISS0131,QM,Custom Issue 130,Unexpected SAP system behavior,Configuration or authorization issue,"Review logs, authorization and master data",Correct configuration and retest,Process completed successfully,ZQM0130,ZTAB0130,Low,qm
ISS0132,PP,Custom Issue 131,Unexpected SAP system behavior,Configuration or authorization issue,"Review logs, authorization and master data",Correct configuration and retest,Process completed successfully,ZPP0131,ZTAB0131,Medium,pp
ISS0133,QM,Custom Issue 132,Unexpected SAP system behavior,Configuration or authorization issue,"Review logs, authorization and master data",Correct configuration and retest,Process completed successfully,ZQM0132,ZTAB0132,Critical,qm
ISS0134,MM,Custom Issue 133,Unexpected SAP system behavior,Configuration or authorization issue,"Review logs, authorization and master data",Correct configuration and retest,Process completed successfully,ZMM0133,ZTAB0133,Low,mm
ISS0135,SD,Custom Issue 134,Unexpected SAP system behavior,Configuration or authorization issue,"Review logs, authorization and master data",Correct configuration and retest,Process completed successfully,ZSD0134,ZTAB0134,Critical,sd
ISS0136,MM,Custom Issue 135,Unexpected SAP system behavior,Configuration or authorization issue,"Review logs, authorization and master data",Correct configuration and retest,Process completed successfully,ZMM0135,ZTAB0135,Medium,mm
ISS0137,SD,Custom Issue 136,Unexpected SAP system behavior,Configuration or authorization issue,"Review logs, authorization and master data",Correct configuration and retest,Process completed successfully,ZSD0136,ZTAB0136,High,sd
ISS0138,WM,Custom Issue 137,Unexpected SAP system behavior,Configuration or authorization issue,"Review logs, authorization and master data",Correct configuration and retest,Process completed successfully,ZWM0137,ZTAB0137,High,wm
ISS0139,SD,Custom Issue 138,Unexpected SAP system behavior,Configuration or authorization issue,"Review logs, authorization and master data",Correct configuration and retest,Process completed successfully,ZSD0138,ZTAB0138,Low,sd
ISS0140,SD,Custom Issue 139,Unexpected SAP system behavior,Configuration or authorization issue,"Review logs, authorization and master data",Correct configuration and retest,Process completed successfully,ZSD0139,ZTAB0139,Medium,sd
ISS0141,SD,Custom Issue 140,Unexpected SAP system behavior,Configuration or authorization issue,"Review logs, authorization and master data",Correct configuration and retest,Process completed successfully,ZSD0140,ZTAB0140,Low,sd
ISS0142,MM,Custom Issue 141,Unexpected SAP system behavior,Configuration or authorization issue,"Review logs, authorization and master data",Correct configuration and retest,Process completed successfully,ZMM0141,ZTAB0141,Medium,mm
ISS0143,SD,Custom Issue 142,Unexpected SAP system behavior,Configuration or authorization issue,"Review logs, authorization and master data",Correct configuration and retest,Process completed successfully,ZSD0142,ZTAB0142,Critical,sd
ISS0144,MM,Custom Issue 143,Unexpected SAP system behavior,Configuration or authorization issue,"Review logs, authorization and master data",Correct configuration and retest,Process completed successfully,ZMM0143,ZTAB0143,Medium,mm
ISS0145,SD,Custom Issue 144,Unexpected SAP system behavior,Configuration or authorization issue,"Review logs, authorization and master data",Correct configuration and retest,Process completed successfully,ZSD0144,ZTAB0144,Low,sd
ISS0146,SD,Custom Issue 145,Unexpected SAP system behavior,Configuration or authorization issue,"Review logs, authorization and master data",Correct configuration and retest,Process completed successfully,ZSD0145,ZTAB0145,Low,sd
ISS0147,SD,Custom Issue 146,Unexpected SAP system behavior,Configuration or authorization issue,"Review logs, authorization and master data",Correct configuration and retest,Process completed successfully,ZSD0146,ZTAB0146,Medium,sd
ISS0148,WM,Custom Issue 147,Unexpected SAP system behavior,Configuration or authorization issue,"Review logs, authorization and master data",Correct configuration and retest,Process completed successfully,ZWM0147,ZTAB0147,Medium,wm
ISS0149,FI,Custom Issue 148,Unexpected SAP system behavior,Configuration or authorization issue,"Review logs, authorization and master data",Correct configuration and retest,Process completed successfully,ZFI0148,ZTAB0148,Critical,fi
ISS0150,MM,Custom Issue 149,Unexpected SAP system behavior,Configuration or authorization issue,"Review logs, authorization and master data",Correct configuration and retest,Process completed successfully,ZMM0149,ZTAB0149,Medium,mm
ISS0151,PP,Custom Issue 150,Unexpected SAP system behavior,Configuration or authorization issue,"Review logs, authorization and master data",Correct configuration and retest,Process completed successfully,ZPP0150,ZTAB0150,Medium,pp
ISS0152,WM,Custom Issue 151,Unexpected SAP system behavior,Configuration or authorization issue,"Review logs, authorization and master data",Correct configuration and retest,Process completed successfully,ZWM0151,ZTAB0151,Critical,wm
ISS0153,QM,Custom Issue 152,Unexpected SAP system behavior,Configuration or authorization issue,"Review logs, authorization and master data",Correct configuration and retest,Process completed successfully,ZQM0152,ZTAB0152,Medium,qm
ISS0154,FI,Custom Issue 153,Unexpected SAP system behavior,Configuration or authorization issue,"Review logs, authorization and master data",Correct configuration and retest,Process completed successfully,ZFI0153,ZTAB0153,Medium,fi
ISS0155,MM,Custom Issue 154,Unexpected SAP system behavior,Configuration or authorization issue,"Review logs, authorization and master data",Correct configuration and retest,Process completed successfully,ZMM0154,ZTAB0154,Medium,mm
ISS0156,FI,Custom Issue 155,Unexpected SAP system behavior,Configuration or authorization issue,"Review logs, authorization and master data",Correct configuration and retest,Process completed successfully,ZFI0155,ZTAB0155,High,fi
ISS0157,WM,Custom Issue 156,Unexpected SAP system behavior,Configuration or authorization issue,"Review logs, authorization and master data",Correct configuration and retest,Process completed successfully,ZWM0156,ZTAB0156,Low,wm
ISS0158,QM,Custom Issue 157,Unexpected SAP system behavior,Configuration or authorization issue,"Review logs, authorization and master data",Correct configuration and retest,Process completed successfully,ZQM0157,ZTAB0157,High,qm
ISS0159,FI,Custom Issue 158,Unexpected SAP system behavior,Configuration or authorization issue,"Review logs, authorization and master data",Correct configuration and retest,Process completed successfully,ZFI0158,ZTAB0158,Critical,fi
ISS0160,FI,Custom Issue 159,Unexpected SAP system behavior,Configuration or authorization issue,"Review logs, authorization and master data",Correct configuration and retest,Process completed successfully,ZFI0159,ZTAB0159,High,fi
ISS0161,PP,Custom Issue 160,Unexpected SAP system behavior,Configuration or authorization issue,"Review logs, authorization and master data",Correct configuration and retest,Process completed successfully,ZPP0160,ZTAB0160,High,pp
ISS0162,MM,Custom Issue 161,Unexpected SAP system behavior,Configuration or authorization issue,"Review logs, authorization and master data",Correct configuration and retest,Process completed successfully,ZMM0161,ZTAB0161,High,mm
ISS0163,FI,Custom Issue 162,Unexpected SAP system behavior,Configuration or authorization issue,"Review logs, authorization and master data",Correct configuration and retest,Process completed successfully,ZFI0162,ZTAB0162,Critical,fi
ISS0164,MM,Custom Issue 163,Unexpected SAP system behavior,Configuration or authorization issue,"Review logs, authorization and master data",Correct configuration and retest,Process completed successfully,ZMM0163,ZTAB0163,Low,mm
ISS0165,SD,Custom Issue 164,Unexpected SAP system behavior,Configuration or authorization issue,"Review logs, authorization and master data",Correct configuration and retest,Process completed successfully,ZSD0164,ZTAB0164,Critical,sd
ISS0166,PP,Custom Issue 165,Unexpected SAP system behavior,Configuration or authorization issue,"Review logs, authorization and master data",Correct configuration and retest,Process completed successfully,ZPP0165,ZTAB0165,Critical,pp
ISS0167,SD,Custom Issue 166,Unexpected SAP system behavior,Configuration or authorization issue,"Review logs, authorization and master data",Correct configuration and retest,Process completed successfully,ZSD0166,ZTAB0166,Low,sd
ISS0168,WM,Custom Issue 167,Unexpected SAP system behavior,Configuration or authorization issue,"Review logs, authorization and master data",Correct configuration and retest,Process completed successfully,ZWM0167,ZTAB0167,Critical,wm
ISS0169,WM,Custom Issue 168,Unexpected SAP system behavior,Configuration or authorization issue,"Review logs, authorization and master data",Correct configuration and retest,Process completed successfully,ZWM0168,ZTAB0168,Critical,wm
ISS0170,QM,Custom Issue 169,Unexpected SAP system behavior,Configuration or authorization issue,"Review logs, authorization and master data",Correct configuration and retest,Process completed successfully,ZQM0169,ZTAB0169,Medium,qm
ISS0171,FI,Custom Issue 170,Unexpected SAP system behavior,Configuration or authorization issue,"Review logs, authorization and master data",Correct configuration and retest,Process completed successfully,ZFI0170,ZTAB0170,High,fi
ISS0172,SD,Custom Issue 171,Unexpected SAP system behavior,Configuration or authorization issue,"Review logs, authorization and master data",Correct configuration and retest,Process completed successfully,ZSD0171,ZTAB0171,High,sd
ISS0173,QM,Custom Issue 172,Unexpected SAP system behavior,Configuration or authorization issue,"Review logs, authorization and master data",Correct configuration and retest,Process completed successfully,ZQM0172,ZTAB0172,Low,qm
ISS0174,QM,Custom Issue 173,Unexpected SAP system behavior,Configuration or authorization issue,"Review logs, authorization and master data",Correct configuration and retest,Process completed successfully,ZQM0173,ZTAB0173,Critical,qm
ISS0175,WM,Custom Issue 174,Unexpected SAP system behavior,Configuration or authorization issue,"Review logs, authorization and master data",Correct configuration and retest,Process completed successfully,ZWM0174,ZTAB0174,Critical,wm
ISS0176,MM,Custom Issue 175,Unexpected SAP system behavior,Configuration or authorization issue,"Review logs, authorization and master data",Correct configuration and retest,Process completed successfully,ZMM0175,ZTAB0175,Critical,mm
ISS0177,MM,Custom Issue 176,Unexpected SAP system behavior,Configuration or authorization issue,"Review logs, authorization and master data",Correct configuration and retest,Process completed successfully,ZMM0176,ZTAB0176,Medium,mm
ISS0178,MM,Custom Issue 177,Unexpected SAP system behavior,Configuration or authorization issue,"Review logs, authorization and master data",Correct configuration and retest,Process completed successfully,ZMM0177,ZTAB0177,Low,mm
ISS0179,PP,Custom Issue 178,Unexpected SAP system behavior,Configuration or authorization issue,"Review logs, authorization and master data",Correct configuration and retest,Process completed successfully,ZPP0178,ZTAB0178,Low,pp
ISS0180,SD,Custom Issue 179,Unexpected SAP system behavior,Configuration or authorization issue,"Review logs, authorization and master data",Correct configuration and retest,Process completed successfully,ZSD0179,ZTAB0179,Low,sd
ISS0181,SD,Custom Issue 180,Unexpected SAP system behavior,Configuration or authorization issue,"Review logs, authorization and master data",Correct configuration and retest,Process completed successfully,ZSD0180,ZTAB0180,High,sd
ISS0182,MM,Custom Issue 181,Unexpected SAP system behavior,Configuration or authorization issue,"Review logs, authorization and master data",Correct configuration and retest,Process completed successfully,ZMM0181,ZTAB0181,Medium,mm
ISS0183,SD,Custom Issue 182,Unexpected SAP system behavior,Configuration or authorization issue,"Review logs, authorization and master data",Correct configuration and retest,Process completed successfully,ZSD0182,ZTAB0182,Medium,sd
ISS0184,SD,Custom Issue 183,Unexpected SAP system behavior,Configuration or authorization issue,"Review logs, authorization and master data",Correct configuration and retest,Process completed successfully,ZSD0183,ZTAB0183,Low,sd
ISS0185,WM,Custom Issue 184,Unexpected SAP system behavior,Configuration or authorization issue,"Review logs, authorization and master data",Correct configuration and retest,Process completed successfully,ZWM0184,ZTAB0184,Critical,wm
ISS0186,SD,Custom Issue 185,Unexpected SAP system behavior,Configuration or authorization issue,"Review logs, authorization and master data",Correct configuration and retest,Process completed successfully,ZSD0185,ZTAB0185,Critical,sd
ISS0187,PP,Custom Issue 186,Unexpected SAP system behavior,Configuration or authorization issue,"Review logs, authorization and master data",Correct configuration and retest,Process completed successfully,ZPP0186,ZTAB0186,Medium,pp
ISS0188,FI,Custom Issue 187,Unexpected SAP system behavior,Configuration or authorization issue,"Review logs, authorization and master data",Correct configuration and retest,Process completed successfully,ZFI0187,ZTAB0187,Medium,fi
ISS0189,WM,Custom Issue 188,Unexpected SAP system behavior,Configuration or authorization issue,"Review logs, authorization and master data",Correct configuration and retest,Process completed successfully,ZWM0188,ZTAB0188,Low,wm
ISS0190,FI,Custom Issue 189,Unexpected SAP system behavior,Configuration or authorization issue,"Review logs, authorization and master data",Correct configuration and retest,Process completed successfully,ZFI0189,ZTAB0189,Low,fi
ISS0191,QM,Custom Issue 190,Unexpected SAP system behavior,Configuration or authorization issue,"Review logs, authorization and master data",Correct configuration and retest,Process completed successfully,ZQM0190,ZTAB0190,Medium,qm
ISS0192,WM,Custom Issue 191,Unexpected SAP system behavior,Configuration or authorization issue,"Review logs, authorization and master data",Correct configuration and retest,Process completed successfully,ZWM0191,ZTAB0191,Critical,wm
ISS0193,PP,Custom Issue 192,Unexpected SAP system behavior,Configuration or authorization issue,"Review logs, authorization and master data",Correct configuration and retest,Process completed successfully,ZPP0192,ZTAB0192,High,pp
ISS0194,WM,Custom Issue 193,Unexpected SAP system behavior,Configuration or authorization issue,"Review logs, authorization and master data",Correct configuration and retest,Process completed successfully,ZWM0193,ZTAB0193,Low,wm
ISS0195,MM,Custom Issue 194,Unexpected SAP system behavior,Configuration or authorization issue,"Review logs, authorization and master data",Correct configuration and retest,Process completed successfully,ZMM0194,ZTAB0194,Critical,mm
ISS0196,QM,Custom Issue 195,Unexpected SAP system behavior,Configuration or authorization issue,"Review logs, authorization and master data",Correct configuration and retest,Process completed successfully,ZQM0195,ZTAB0195,High,qm
ISS0197,PP,Custom Issue 196,Unexpected SAP system behavior,Configuration or authorization issue,"Review logs, authorization and master data",Correct configuration and retest,Process completed successfully,ZPP0196,ZTAB0196,Low,pp
ISS0198,SD,Custom Issue 197,Unexpected SAP system behavior,Configuration or authorization issue,"Review logs, authorization and master data",Correct configuration and retest,Process completed successfully,ZSD0197,ZTAB0197,Low,sd
ISS0199,MM,Custom Issue 198,Unexpected SAP system behavior,Configuration or authorization issue,"Review logs, authorization and master data",Correct configuration and retest,Process completed successfully,ZMM0198,ZTAB0198,Critical,mm
ISS0200,FI,Custom Issue 199,Unexpected SAP system behavior,Configuration or authorization issue,"Review logs, authorization and master data",Correct configuration and retest,Process completed successfully,ZFI0199,ZTAB0199,Medium,fi
ISS0201,PP,Custom Issue 200,Unexpected SAP system behavior,Configuration or authorization issue,"Review logs, authorization and master data",Correct configuration and retest,Process completed successfully,ZPP0200,ZTAB0200,Medium,pp
ISS0202,FI,Custom Issue 201,Unexpected SAP system behavior,Configuration or authorization issue,"Review logs, authorization and master data",Correct configuration and retest,Process completed successfully,ZFI0201,ZTAB0201,Medium,fi
ISS0203,WM,Custom Issue 202,Unexpected SAP system behavior,Configuration or authorization issue,"Review logs, authorization and master data",Correct configuration and retest,Process completed successfully,ZWM0202,ZTAB0202,Medium,wm
ISS0204,QM,Custom Issue 203,Unexpected SAP system behavior,Configuration or authorization issue,"Review logs, authorization and master data",Correct configuration and retest,Process completed successfully,ZQM0203,ZTAB0203,High,qm
ISS0205,WM,Custom Issue 204,Unexpected SAP system behavior,Configuration or authorization issue,"Review logs, authorization and master data",Correct configuration and retest,Process completed successfully,ZWM0204,ZTAB0204,Low,wm
ISS0206,SD,Custom Issue 205,Unexpected SAP system behavior,Configuration or authorization issue,"Review logs, authorization and master data",Correct configuration and retest,Process completed successfully,ZSD0205,ZTAB0205,High,sd
ISS0207,SD,Custom Issue 206,Unexpected SAP system behavior,Configuration or authorization issue,"Review logs, authorization and master data",Correct configuration and retest,Process completed successfully,ZSD0206,ZTAB0206,Critical,sd
ISS0208,MM,Custom Issue 207,Unexpected SAP system behavior,Configuration or authorization issue,"Review logs, authorization and master data",Correct configuration and retest,Process completed successfully,ZMM0207,ZTAB0207,Low,mm
ISS0209,SD,Custom Issue 208,Unexpected SAP system behavior,Configuration or authorization issue,"Review logs, authorization and master data",Correct configuration and retest,Process completed successfully,ZSD0208,ZTAB0208,Medium,sd
ISS0210,SD,Custom Issue 209,Unexpected SAP system behavior,Configuration or authorization issue,"Review logs, authorization and master data",Correct configuration and retest,Process completed successfully,ZSD0209,ZTAB0209,Critical,sd
ISS0211,FI,Custom Issue 210,Unexpected SAP system behavior,Configuration or authorization issue,"Review logs, authorization and master data",Correct configuration and retest,Process completed successfully,ZFI0210,ZTAB0210,High,fi
ISS0212,PP,Custom Issue 211,Unexpected SAP system behavior,Configuration or authorization issue,"Review logs, authorization and master data",Correct configuration and retest,Process completed successfully,ZPP0211,ZTAB0211,Critical,pp
ISS0213,PP,Custom Issue 212,Unexpected SAP system behavior,Configuration or authorization issue,"Review logs, authorization and master data",Correct configuration and retest,Process completed successfully,ZPP0212,ZTAB0212,Low,pp
ISS0214,SD,Custom Issue 213,Unexpected SAP system behavior,Configuration or authorization issue,"Review logs, authorization and master data",Correct configuration and retest,Process completed successfully,ZSD0213,ZTAB0213,Critical,sd
ISS0215,WM,Custom Issue 214,Unexpected SAP system behavior,Configuration or authorization issue,"Review logs, authorization and master data",Correct configuration and retest,Process completed successfully,ZWM0214,ZTAB0214,Critical,wm
ISS0216,WM,Custom Issue 215,Unexpected SAP system behavior,Configuration or authorization issue,"Review logs, authorization and master data",Correct configuration and retest,Process completed successfully,ZWM0215,ZTAB0215,Critical,wm
ISS0217,MM,Custom Issue 216,Unexpected SAP system behavior,Configuration or authorization issue,"Review logs, authorization and master data",Correct configuration and retest,Process completed successfully,ZMM0216,ZTAB0216,Low,mm
ISS0218,FI,Custom Issue 217,Unexpected SAP system behavior,Configuration or authorization issue,"Review logs, authorization and master data",Correct configuration and retest,Process completed successfully,ZFI0217,ZTAB0217,Low,fi
ISS0219,MM,Custom Issue 218,Unexpected SAP system behavior,Configuration or authorization issue,"Review logs, authorization and master data",Correct configuration and retest,Process completed successfully,ZMM0218,ZTAB0218,Critical,mm
ISS0220,MM,Custom Issue 219,Unexpected SAP system behavior,Configuration or authorization issue,"Review logs, authorization and master data",Correct configuration and retest,Process completed successfully,ZMM0219,ZTAB0219,Medium,mm
ISS0221,WM,Custom Issue 220,Unexpected SAP system behavior,Configuration or authorization issue,"Review logs, authorization and master data",Correct configuration and retest,Process completed successfully,ZWM0220,ZTAB0220,Critical,wm
ISS0222,PP,Custom Issue 221,Unexpected SAP system behavior,Configuration or authorization issue,"Review logs, authorization and master data",Correct configuration and retest,Process completed successfully,ZPP0221,ZTAB0221,Critical,pp
ISS0223,SD,Custom Issue 222,Unexpected SAP system behavior,Configuration or authorization issue,"Review logs, authorization and master data",Correct configuration and retest,Process completed successfully,ZSD0222,ZTAB0222,High,sd
ISS0224,WM,Custom Issue 223,Unexpected SAP system behavior,Configuration or authorization issue,"Review logs, authorization and master data",Correct configuration and retest,Process completed successfully,ZWM0223,ZTAB0223,Critical,wm
ISS0225,QM,Custom Issue 224,Unexpected SAP system behavior,Configuration or authorization issue,"Review logs, authorization and master data",Correct configuration and retest,Process completed successfully,ZQM0224,ZTAB0224,Low,qm
ISS0226,MM,Custom Issue 225,Unexpected SAP system behavior,Configuration or authorization issue,"Review logs, authorization and master data",Correct configuration and retest,Process completed successfully,ZMM0225,ZTAB0225,Medium,mm
ISS0227,PP,Custom Issue 226,Unexpected SAP system behavior,Configuration or authorization issue,"Review logs, authorization and master data",Correct configuration and retest,Process completed successfully,ZPP0226,ZTAB0226,Medium,pp
ISS0228,SD,Custom Issue 227,Unexpected SAP system behavior,Configuration or authorization issue,"Review logs, authorization and master data",Correct configuration and retest,Process completed successfully,ZSD0227,ZTAB0227,High,sd
ISS0229,SD,Custom Issue 228,Unexpected SAP system behavior,Configuration or authorization issue,"Review logs, authorization and master data",Correct configuration and retest,Process completed successfully,ZSD0228,ZTAB0228,Low,sd
ISS0230,QM,Custom Issue 229,Unexpected SAP system behavior,Configuration or authorization issue,"Review logs, authorization and master data",Correct configuration and retest,Process completed successfully,ZQM0229,ZTAB0229,Medium,qm
ISS0231,WM,Custom Issue 230,Unexpected SAP system behavior,Configuration or authorization issue,"Review logs, authorization and master data",Correct configuration and retest,Process completed successfully,ZWM0230,ZTAB0230,Low,wm
ISS0232,MM,Custom Issue 231,Unexpected SAP system behavior,Configuration or authorization issue,"Review logs, authorization and master data",Correct configuration and retest,Process completed successfully,ZMM0231,ZTAB0231,Medium,mm
ISS0233,WM,Custom Issue 232,Unexpected SAP system behavior,Configuration or authorization issue,"Review logs, authorization and master data",Correct configuration and retest,Process completed successfully,ZWM0232,ZTAB0232,Medium,wm
ISS0234,SD,Custom Issue 233,Unexpected SAP system behavior,Configuration or authorization issue,"Review logs, authorization and master data",Correct configuration and retest,Process completed successfully,ZSD0233,ZTAB0233,Critical,sd
ISS0235,SD,Custom Issue 234,Unexpected SAP system behavior,Configuration or authorization issue,"Review logs, authorization and master data",Correct configuration and retest,Process completed successfully,ZSD0234,ZTAB0234,Low,sd
ISS0236,QM,Custom Issue 235,Unexpected SAP system behavior,Configuration or authorization issue,"Review logs, authorization and master data",Correct configuration and retest,Process completed successfully,ZQM0235,ZTAB0235,High,qm
ISS0237,WM,Custom Issue 236,Unexpected SAP system behavior,Configuration or authorization issue,"Review logs, authorization and master data",Correct configuration and retest,Process completed successfully,ZWM0236,ZTAB0236,Medium,wm
ISS0238,FI,Custom Issue 237,Unexpected SAP system behavior,Configuration or authorization issue,"Review logs, authorization and master data",Correct configuration and retest,Process completed successfully,ZFI0237,ZTAB0237,Medium,fi
ISS0239,WM,Custom Issue 238,Unexpected SAP system behavior,Configuration or authorization issue,"Review logs, authorization and master data",Correct configuration and retest,Process completed successfully,ZWM0238,ZTAB0238,Low,wm
ISS0240,PP,Custom Issue 239,Unexpected SAP system behavior,Configuration or authorization issue,"Review logs, authorization and master data",Correct configuration and retest,Process completed successfully,ZPP0239,ZTAB0239,High,pp
ISS0241,PP,Custom Issue 240,Unexpected SAP system behavior,Configuration or authorization issue,"Review logs, authorization and master data",Correct configuration and retest,Process completed successfully,ZPP0240,ZTAB0240,Low,pp
ISS0242,FI,Custom Issue 241,Unexpected SAP system behavior,Configuration or authorization issue,"Review logs, authorization and master data",Correct configuration and retest,Process completed successfully,ZFI0241,ZTAB0241,High,fi
ISS0243,MM,Custom Issue 242,Unexpected SAP system behavior,Configuration or authorization issue,"Review logs, authorization and master data",Correct configuration and retest,Process completed successfully,ZMM0242,ZTAB0242,Medium,mm
ISS0244,MM,Custom Issue 243,Unexpected SAP system behavior,Configuration or authorization issue,"Review logs, authorization and master data",Correct configuration and retest,Process completed successfully,ZMM0243,ZTAB0243,Medium,mm
ISS0245,FI,Custom Issue 244,Unexpected SAP system behavior,Configuration or authorization issue,"Review logs, authorization and master data",Correct configuration and retest,Process completed successfully,ZFI0244,ZTAB0244,Low,fi
ISS0246,SD,Custom Issue 245,Unexpected SAP system behavior,Configuration or authorization issue,"Review logs, authorization and master data",Correct configuration and retest,Process completed successfully,ZSD0245,ZTAB0245,High,sd
ISS0247,WM,Custom Issue 246,Unexpected SAP system behavior,Configuration or authorization issue,"Review logs, authorization and master data",Correct configuration and retest,Process completed successfully,ZWM0246,ZTAB0246,Low,wm
ISS0248,PP,Custom Issue 247,Unexpected SAP system behavior,Configuration or authorization issue,"Review logs, authorization and master data",Correct configuration and retest,Process completed successfully,ZPP0247,ZTAB0247,Critical,pp
ISS0249,FI,Custom Issue 248,Unexpected SAP system behavior,Configuration or authorization issue,"Review logs, authorization and master data",Correct configuration and retest,Process completed successfully,ZFI0248,ZTAB0248,Medium,fi
ISS0250,SD,Custom Issue 249,Unexpected SAP system behavior,Configuration or authorization issue,"Review logs, authorization and master data",Correct configuration and retest,Process completed successfully,ZSD0249,ZTAB0249,High,sd
ISS0251,SD,Custom Issue 250,Unexpected SAP system behavior,Configuration or authorization issue,"Review logs, authorization and master data",Correct configuration and retest,Process completed successfully,ZSD0250,ZTAB0250,Medium,sd
ISS0252,PP,Custom Issue 251,Unexpected SAP system behavior,Configuration or authorization issue,"Review logs, authorization and master data",Correct configuration and retest,Process completed successfully,ZPP0251,ZTAB0251,Critical,pp
ISS0253,MM,Custom Issue 252,Unexpected SAP system behavior,Configuration or authorization issue,"Review logs, authorization and master data",Correct configuration and retest,Process completed successfully,ZMM0252,ZTAB0252,Critical,mm
ISS0254,QM,Custom Issue 253,Unexpected SAP system behavior,Configuration or authorization issue,"Review logs, authorization and master data",Correct configuration and retest,Process completed successfully,ZQM0253,ZTAB0253,High,qm
ISS0255,PP,Custom Issue 254,Unexpected SAP system behavior,Configuration or authorization issue,"Review logs, authorization and master data",Correct configuration and retest,Process completed successfully,ZPP0254,ZTAB0254,High,pp
ISS0256,MM,Custom Issue 255,Unexpected SAP system behavior,Configuration or authorization issue,"Review logs, authorization and master data",Correct configuration and retest,Process completed successfully,ZMM0255,ZTAB0255,Low,mm
ISS0257,QM,Custom Issue 256,Unexpected SAP system behavior,Configuration or authorization issue,"Review logs, authorization and master data",Correct configuration and retest,Process completed successfully,ZQM0256,ZTAB0256,High,qm
ISS0258,SD,Custom Issue 257,Unexpected SAP system behavior,Configuration or authorization issue,"Review logs, authorization and master data",Correct configuration and retest,Process completed successfully,ZSD0257,ZTAB0257,Low,sd
ISS0259,WM,Custom Issue 258,Unexpected SAP system behavior,Configuration or authorization issue,"Review logs, authorization and master data",Correct configuration and retest,Process completed successfully,ZWM0258,ZTAB0258,Critical,wm
ISS0260,PP,Custom Issue 259,Unexpected SAP system behavior,Configuration or authorization issue,"Review logs, authorization and master data",Correct configuration and retest,Process completed successfully,ZPP0259,ZTAB0259,High,pp
ISS0261,FI,Custom Issue 260,Unexpected SAP system behavior,Configuration or authorization issue,"Review logs, authorization and master data",Correct configuration and retest,Process completed successfully,ZFI0260,ZTAB0260,Critical,fi
ISS0262,QM,Custom Issue 261,Unexpected SAP system behavior,Configuration or authorization issue,"Review logs, authorization and master data",Correct configuration and retest,Process completed successfully,ZQM0261,ZTAB0261,Low,qm
ISS0263,FI,Custom Issue 262,Unexpected SAP system behavior,Configuration or authorization issue,"Review logs, authorization and master data",Correct configuration and retest,Process completed successfully,ZFI0262,ZTAB0262,High,fi
ISS0264,MM,Custom Issue 263,Unexpected SAP system behavior,Configuration or authorization issue,"Review logs, authorization and master data",Correct configuration and retest,Process completed successfully,ZMM0263,ZTAB0263,Medium,mm
ISS0265,MM,Custom Issue 264,Unexpected SAP system behavior,Configuration or authorization issue,"Review logs, authorization and master data",Correct configuration and retest,Process completed successfully,ZMM0264,ZTAB0264,Low,mm
ISS0266,QM,Custom Issue 265,Unexpected SAP system behavior,Configuration or authorization issue,"Review logs, authorization and master data",Correct configuration and retest,Process completed successfully,ZQM0265,ZTAB0265,Low,qm
ISS0267,PP,Custom Issue 266,Unexpected SAP system behavior,Configuration or authorization issue,"Review logs, authorization and master data",Correct configuration and retest,Process completed successfully,ZPP0266,ZTAB0266,Critical,pp
ISS0268,PP,Custom Issue 267,Unexpected SAP system behavior,Configuration or authorization issue,"Review logs, authorization and master data",Correct configuration and retest,Process completed successfully,ZPP0267,ZTAB0267,Medium,pp
ISS0269,FI,Custom Issue 268,Unexpected SAP system behavior,Configuration or authorization issue,"Review logs, authorization and master data",Correct configuration and retest,Process completed successfully,ZFI0268,ZTAB0268,Low,fi
ISS0270,SD,Custom Issue 269,Unexpected SAP system behavior,Configuration or authorization issue,"Review logs, authorization and master data",Correct configuration and retest,Process completed successfully,ZSD0269,ZTAB0269,Medium,sd
ISS0271,MM,Custom Issue 270,Unexpected SAP system behavior,Configuration or authorization issue,"Review logs, authorization and master data",Correct configuration and retest,Process completed successfully,ZMM0270,ZTAB0270,Medium,mm
ISS0272,PP,Custom Issue 271,Unexpected SAP system behavior,Configuration or authorization issue,"Review logs, authorization and master data",Correct configuration and retest,Process completed successfully,ZPP0271,ZTAB0271,Medium,pp
ISS0273,MM,Custom Issue 272,Unexpected SAP system behavior,Configuration or authorization issue,"Review logs, authorization and master data",Correct configuration and retest,Process completed successfully,ZMM0272,ZTAB0272,High,mm
ISS0274,FI,Custom Issue 273,Unexpected SAP system behavior,Configuration or authorization issue,"Review logs, authorization and master data",Correct configuration and retest,Process completed successfully,ZFI0273,ZTAB0273,Low,fi
ISS0275,SD,Custom Issue 274,Unexpected SAP system behavior,Configuration or authorization issue,"Review logs, authorization and master data",Correct configuration and retest,Process completed successfully,ZSD0274,ZTAB0274,High,sd
ISS0276,WM,Custom Issue 275,Unexpected SAP system behavior,Configuration or authorization issue,"Review logs, authorization and master data",Correct configuration and retest,Process completed successfully,ZWM0275,ZTAB0275,Critical,wm
ISS0277,FI,Custom Issue 276,Unexpected SAP system behavior,Configuration or authorization issue,"Review logs, authorization and master data",Correct configuration and retest,Process completed successfully,ZFI0276,ZTAB0276,Medium,fi
ISS0278,SD,Custom Issue 277,Unexpected SAP system behavior,Configuration or authorization issue,"Review logs, authorization and master data",Correct configuration and retest,Process completed successfully,ZSD0277,ZTAB0277,Critical,sd
ISS0279,PP,Custom Issue 278,Unexpected SAP system behavior,Configuration or authorization issue,"Review logs, authorization and master data",Correct configuration and retest,Process completed successfully,ZPP0278,ZTAB0278,Critical,pp
ISS0280,MM,Custom Issue 279,Unexpected SAP system behavior,Configuration or authorization issue,"Review logs, authorization and master data",Correct configuration and retest,Process completed successfully,ZMM0279,ZTAB0279,Medium,mm
ISS0281,PP,Custom Issue 280,Unexpected SAP system behavior,Configuration or authorization issue,"Review logs, authorization and master data",Correct configuration and retest,Process completed successfully,ZPP0280,ZTAB0280,Critical,pp
ISS0282,MM,Custom Issue 281,Unexpected SAP system behavior,Configuration or authorization issue,"Review logs, authorization and master data",Correct configuration and retest,Process completed successfully,ZMM0281,ZTAB0281,Medium,mm
ISS0283,PP,Custom Issue 282,Unexpected SAP system behavior,Configuration or authorization issue,"Review logs, authorization and master data",Correct configuration and retest,Process completed successfully,ZPP0282,ZTAB0282,Low,pp
ISS0284,WM,Custom Issue 283,Unexpected SAP system behavior,Configuration or authorization issue,"Review logs, authorization and master data",Correct configuration and retest,Process completed successfully,ZWM0283,ZTAB0283,Low,wm
ISS0285,FI,Custom Issue 284,Unexpected SAP system behavior,Configuration or authorization issue,"Review logs, authorization and master data",Correct configuration and retest,Process completed successfully,ZFI0284,ZTAB0284,High,fi
ISS0286,WM,Custom Issue 285,Unexpected SAP system behavior,Configuration or authorization issue,"Review logs, authorization and master data",Correct configuration and retest,Process completed successfully,ZWM0285,ZTAB0285,High,wm
ISS0287,SD,Custom Issue 286,Unexpected SAP system behavior,Configuration or authorization issue,"Review logs, authorization and master data",Correct configuration and retest,Process completed successfully,ZSD0286,ZTAB0286,Critical,sd
ISS0288,WM,Custom Issue 287,Unexpected SAP system behavior,Configuration or authorization issue,"Review logs, authorization and master data",Correct configuration and retest,Process completed successfully,ZWM0287,ZTAB0287,Critical,wm
ISS0289,QM,Custom Issue 288,Unexpected SAP system behavior,Configuration or authorization issue,"Review logs, authorization and master data",Correct configuration and retest,Process completed successfully,ZQM0288,ZTAB0288,Low,qm
ISS0290,QM,Custom Issue 289,Unexpected SAP system behavior,Configuration or authorization issue,"Review logs, authorization and master data",Correct configuration and retest,Process completed successfully,ZQM0289,ZTAB0289,Critical,qm
ISS0291,QM,Custom Issue 290,Unexpected SAP system behavior,Configuration or authorization issue,"Review logs, authorization and master data",Correct configuration and retest,Process completed successfully,ZQM0290,ZTAB0290,Critical,qm
ISS0292,MM,Custom Issue 291,Unexpected SAP system behavior,Configuration or authorization issue,"Review logs, authorization and master data",Correct configuration and retest,Process completed successfully,ZMM0291,ZTAB0291,High,mm
ISS0293,SD,Custom Issue 292,Unexpected SAP system behavior,Configuration or authorization issue,"Review logs, authorization and master data",Correct configuration and retest,Process completed successfully,ZSD0292,ZTAB0292,Low,sd
ISS0294,WM,Custom Issue 293,Unexpected SAP system behavior,Configuration or authorization issue,"Review logs, authorization and master data",Correct configuration and retest,Process completed successfully,ZWM0293,ZTAB0293,High,wm
ISS0295,SD,Custom Issue 294,Unexpected SAP system behavior,Configuration or authorization issue,"Review logs, authorization and master data",Correct configuration and retest,Process completed successfully,ZSD0294,ZTAB0294,Critical,sd
ISS0296,SD,Custom Issue 295,Unexpected SAP system behavior,Configuration or authorization issue,"Review logs, authorization and master data",Correct configuration and retest,Process completed successfully,ZSD0295,ZTAB0295,Critical,sd
ISS0297,QM,Custom Issue 296,Unexpected SAP system behavior,Configuration or authorization issue,"Review logs, authorization and master data",Correct configuration and retest,Process completed successfully,ZQM0296,ZTAB0296,Critical,qm
ISS0298,MM,Custom Issue 297,Unexpected SAP system behavior,Configuration or authorization issue,"Review logs, authorization and master data",Correct configuration and retest,Process completed successfully,ZMM0297,ZTAB0297,Medium,mm
ISS0299,QM,Custom Issue 298,Unexpected SAP system behavior,Configuration or authorization issue,"Review logs, authorization and master data",Correct configuration and retest,Process completed successfully,ZQM0298,ZTAB0298,Medium,qm
ISS0300,PP,Custom Issue 299,Unexpected SAP system behavior,Configuration or authorization issue,"Review logs, authorization and master data",Correct configuration and retest,Process completed successfully,ZPP0299,ZTAB0299,High,pp
ISS0301,SD,Custom Issue 300,Unexpected SAP system behavior,Configuration or authorization issue,"Review logs, authorization and master data",Correct configuration and retest,Process completed successfully,ZSD0300,ZTAB0300,Low,sd
ISS0302,FI,Custom Issue 301,Unexpected SAP system behavior,Configuration or authorization issue,"Review logs, authorization and master data",Correct configuration and retest,Process completed successfully,ZFI0301,ZTAB0301,Critical,fi
ISS0303,WM,Custom Issue 302,Unexpected SAP system behavior,Configuration or authorization issue,"Review logs, authorization and master data",Correct configuration and retest,Process completed successfully,ZWM0302,ZTAB0302,High,wm
ISS0304,MM,Custom Issue 303,Unexpected SAP system behavior,Configuration or authorization issue,"Review logs, authorization and master data",Correct configuration and retest,Process completed successfully,ZMM0303,ZTAB0303,Low,mm
ISS0305,QM,Custom Issue 304,Unexpected SAP system behavior,Configuration or authorization issue,"Review logs, authorization and master data",Correct configuration and retest,Process completed successfully,ZQM0304,ZTAB0304,Low,qm
ISS0306,MM,Custom Issue 305,Unexpected SAP system behavior,Configuration or authorization issue,"Review logs, authorization and master data",Correct configuration and retest,Process completed successfully,ZMM0305,ZTAB0305,Critical,mm
ISS0307,QM,Custom Issue 306,Unexpected SAP system behavior,Configuration or authorization issue,"Review logs, authorization and master data",Correct configuration and retest,Process completed successfully,ZQM0306,ZTAB0306,Low,qm
ISS0308,FI,Custom Issue 307,Unexpected SAP system behavior,Configuration or authorization issue,"Review logs, authorization and master data",Correct configuration and retest,Process completed successfully,ZFI0307,ZTAB0307,High,fi
ISS0309,QM,Custom Issue 308,Unexpected SAP system behavior,Configuration or authorization issue,"Review logs, authorization and master data",Correct configuration and retest,Process completed successfully,ZQM0308,ZTAB0308,Critical,qm
ISS0310,WM,Custom Issue 309,Unexpected SAP system behavior,Configuration or authorization issue,"Review logs, authorization and master data",Correct configuration and retest,Process completed successfully,ZWM0309,ZTAB0309,Medium,wm
ISS0311,SD,Custom Issue 310,Unexpected SAP system behavior,Configuration or authorization issue,"Review logs, authorization and master data",Correct configuration and retest,Process completed successfully,ZSD0310,ZTAB0310,Medium,sd
ISS0312,SD,Custom Issue 311,Unexpected SAP system behavior,Configuration or authorization issue,"Review logs, authorization and master data",Correct configuration and retest,Process completed successfully,ZSD0311,ZTAB0311,Low,sd
ISS0313,FI,Custom Issue 312,Unexpected SAP system behavior,Configuration or authorization issue,"Review logs, authorization and master data",Correct configuration and retest,Process completed successfully,ZFI0312,ZTAB0312,Medium,fi
ISS0314,QM,Custom Issue 313,Unexpected SAP system behavior,Configuration or authorization issue,"Review logs, authorization and master data",Correct configuration and retest,Process completed successfully,ZQM0313,ZTAB0313,High,qm
ISS0315,FI,Custom Issue 314,Unexpected SAP system behavior,Configuration or authorization issue,"Review logs, authorization and master data",Correct configuration and retest,Process completed successfully,ZFI0314,ZTAB0314,Critical,fi
ISS0316,WM,Custom Issue 315,Unexpected SAP system behavior,Configuration or authorization issue,"Review logs, authorization and master data",Correct configuration and retest,Process completed successfully,ZWM0315,ZTAB0315,Low,wm
ISS0317,FI,Custom Issue 316,Unexpected SAP system behavior,Configuration or authorization issue,"Review logs, authorization and master data",Correct configuration and retest,Process completed successfully,ZFI0316,ZTAB0316,Critical,fi
ISS0318,WM,Custom Issue 317,Unexpected SAP system behavior,Configuration or authorization issue,"Review logs, authorization and master data",Correct configuration and retest,Process completed successfully,ZWM0317,ZTAB0317,Medium,wm
ISS0319,WM,Custom Issue 318,Unexpected SAP system behavior,Configuration or authorization issue,"Review logs, authorization and master data",Correct configuration and retest,Process completed successfully,ZWM0318,ZTAB0318,Critical,wm
ISS0320,SD,Custom Issue 319,Unexpected SAP system behavior,Configuration or authorization issue,"Review logs, authorization and master data",Correct configuration and retest,Process completed successfully,ZSD0319,ZTAB0319,Low,sd
ISS0321,PP,Custom Issue 320,Unexpected SAP system behavior,Configuration or authorization issue,"Review logs, authorization and master data",Correct configuration and retest,Process completed successfully,ZPP0320,ZTAB0320,Medium,pp
ISS0322,FI,Custom Issue 321,Unexpected SAP system behavior,Configuration or authorization issue,"Review logs, authorization and master data",Correct configuration and retest,Process completed successfully,ZFI0321,ZTAB0321,Low,fi
ISS0323,QM,Custom Issue 322,Unexpected SAP system behavior,Configuration or authorization issue,"Review logs, authorization and master data",Correct configuration and retest,Process completed successfully,ZQM0322,ZTAB0322,High,qm
ISS0324,MM,Custom Issue 323,Unexpected SAP system behavior,Configuration or authorization issue,"Review logs, authorization and master data",Correct configuration and retest,Process completed successfully,ZMM0323,ZTAB0323,Low,mm
ISS0325,SD,Custom Issue 324,Unexpected SAP system behavior,Configuration or authorization issue,"Review logs, authorization and master data",Correct configuration and retest,Process completed successfully,ZSD0324,ZTAB0324,Low,sd
ISS0326,PP,Custom Issue 325,Unexpected SAP system behavior,Configuration or authorization issue,"Review logs, authorization and master data",Correct configuration and retest,Process completed successfully,ZPP0325,ZTAB0325,Critical,pp
ISS0327,QM,Custom Issue 326,Unexpected SAP system behavior,Configuration or authorization issue,"Review logs, authorization and master data",Correct configuration and retest,Process completed successfully,ZQM0326,ZTAB0326,Critical,qm
ISS0328,QM,Custom Issue 327,Unexpected SAP system behavior,Configuration or authorization issue,"Review logs, authorization and master data",Correct configuration and retest,Process completed successfully,ZQM0327,ZTAB0327,Medium,qm
ISS0329,MM,Custom Issue 328,Unexpected SAP system behavior,Configuration or authorization issue,"Review logs, authorization and master data",Correct configuration and retest,Process completed successfully,ZMM0328,ZTAB0328,High,mm
ISS0330,PP,Custom Issue 329,Unexpected SAP system behavior,Configuration or authorization issue,"Review logs, authorization and master data",Correct configuration and retest,Process completed successfully,ZPP0329,ZTAB0329,High,pp
ISS0331,MM,Custom Issue 330,Unexpected SAP system behavior,Configuration or authorization issue,"Review logs, authorization and master data",Correct configuration and retest,Process completed successfully,ZMM0330,ZTAB0330,Medium,mm
ISS0332,QM,Custom Issue 331,Unexpected SAP system behavior,Configuration or authorization issue,"Review logs, authorization and master data",Correct configuration and retest,Process completed successfully,ZQM0331,ZTAB0331,Medium,qm
ISS0333,FI,Custom Issue 332,Unexpected SAP system behavior,Configuration or authorization issue,"Review logs, authorization and master data",Correct configuration and retest,Process completed successfully,ZFI0332,ZTAB0332,High,fi
ISS0334,PP,Custom Issue 333,Unexpected SAP system behavior,Configuration or authorization issue,"Review logs, authorization and master data",Correct configuration and retest,Process completed successfully,ZPP0333,ZTAB0333,Medium,pp
ISS0335,WM,Custom Issue 334,Unexpected SAP system behavior,Configuration or authorization issue,"Review logs, authorization and master data",Correct configuration and retest,Process completed successfully,ZWM0334,ZTAB0334,Medium,wm
ISS0336,PP,Custom Issue 335,Unexpected SAP system behavior,Configuration or authorization issue,"Review logs, authorization and master data",Correct configuration and retest,Process completed successfully,ZPP0335,ZTAB0335,Critical,pp
ISS0337,PP,Custom Issue 336,Unexpected SAP system behavior,Configuration or authorization issue,"Review logs, authorization and master data",Correct configuration and retest,Process completed successfully,ZPP0336,ZTAB0336,Critical,pp
ISS0338,SD,Custom Issue 337,Unexpected SAP system behavior,Configuration or authorization issue,"Review logs, authorization and master data",Correct configuration and retest,Process completed successfully,ZSD0337,ZTAB0337,Low,sd
ISS0339,MM,Custom Issue 338,Unexpected SAP system behavior,Configuration or authorization issue,"Review logs, authorization and master data",Correct configuration and retest,Process completed successfully,ZMM0338,ZTAB0338,Low,mm
ISS0340,WM,Custom Issue 339,Unexpected SAP system behavior,Configuration or authorization issue,"Review logs, authorization and master data",Correct configuration and retest,Process completed successfully,ZWM0339,ZTAB0339,High,wm
ISS0341,WM,Custom Issue 340,Unexpected SAP system behavior,Configuration or authorization issue,"Review logs, authorization and master data",Correct configuration and retest,Process completed successfully,ZWM0340,ZTAB0340,Medium,wm
ISS0342,FI,Custom Issue 341,Unexpected SAP system behavior,Configuration or authorization issue,"Review logs, authorization and master data",Correct configuration and retest,Process completed successfully,ZFI0341,ZTAB0341,Low,fi
ISS0343,FI,Custom Issue 342,Unexpected SAP system behavior,Configuration or authorization issue,"Review logs, authorization and master data",Correct configuration and retest,Process completed successfully,ZFI0342,ZTAB0342,Low,fi
ISS0344,QM,Custom Issue 343,Unexpected SAP system behavior,Configuration or authorization issue,"Review logs, authorization and master data",Correct configuration and retest,Process completed successfully,ZQM0343,ZTAB0343,Low,qm
ISS0345,FI,Custom Issue 344,Unexpected SAP system behavior,Configuration or authorization issue,"Review logs, authorization and master data",Correct configuration and retest,Process completed successfully,ZFI0344,ZTAB0344,Medium,fi
ISS0346,MM,Custom Issue 345,Unexpected SAP system behavior,Configuration or authorization issue,"Review logs, authorization and master data",Correct configuration and retest,Process completed successfully,ZMM0345,ZTAB0345,Low,mm
ISS0347,PP,Custom Issue 346,Unexpected SAP system behavior,Configuration or authorization issue,"Review logs, authorization and master data",Correct configuration and retest,Process completed successfully,ZPP0346,ZTAB0346,High,pp
ISS0348,PP,Custom Issue 347,Unexpected SAP system behavior,Configuration or authorization issue,"Review logs, authorization and master data",Correct configuration and retest,Process completed successfully,ZPP0347,ZTAB0347,Low,pp
ISS0349,WM,Custom Issue 348,Unexpected SAP system behavior,Configuration or authorization issue,"Review logs, authorization and master data",Correct configuration and retest,Process completed successfully,ZWM0348,ZTAB0348,Low,wm
ISS0350,FI,Custom Issue 349,Unexpected SAP system behavior,Configuration or authorization issue,"Review logs, authorization and master data",Correct configuration and retest,Process completed successfully,ZFI0349,ZTAB0349,Medium,fi
ISS0351,QM,Custom Issue 350,Unexpected SAP system behavior,Configuration or authorization issue,"Review logs, authorization and master data",Correct configuration and retest,Process completed successfully,ZQM0350,ZTAB0350,High,qm
ISS0352,SD,Custom Issue 351,Unexpected SAP system behavior,Configuration or authorization issue,"Review logs, authorization and master data",Correct configuration and retest,Process completed successfully,ZSD0351,ZTAB0351,Low,sd
ISS0353,PP,Custom Issue 352,Unexpected SAP system behavior,Configuration or authorization issue,"Review logs, authorization and master data",Correct configuration and retest,Process completed successfully,ZPP0352,ZTAB0352,Low,pp
ISS0354,QM,Custom Issue 353,Unexpected SAP system behavior,Configuration or authorization issue,"Review logs, authorization and master data",Correct configuration and retest,Process completed successfully,ZQM0353,ZTAB0353,High,qm
ISS0355,WM,Custom Issue 354,Unexpected SAP system behavior,Configuration or authorization issue,"Review logs, authorization and master data",Correct configuration and retest,Process completed successfully,ZWM0354,ZTAB0354,High,wm
ISS0356,SD,Custom Issue 355,Unexpected SAP system behavior,Configuration or authorization issue,"Review logs, authorization and master data",Correct configuration and retest,Process completed successfully,ZSD0355,ZTAB0355,Medium,sd
ISS0357,SD,Custom Issue 356,Unexpected SAP system behavior,Configuration or authorization issue,"Review logs, authorization and master data",Correct configuration and retest,Process completed successfully,ZSD0356,ZTAB0356,Medium,sd
ISS0358,SD,Custom Issue 357,Unexpected SAP system behavior,Configuration or authorization issue,"Review logs, authorization and master data",Correct configuration and retest,Process completed successfully,ZSD0357,ZTAB0357,Critical,sd
ISS0359,SD,Custom Issue 358,Unexpected SAP system behavior,Configuration or authorization issue,"Review logs, authorization and master data",Correct configuration and retest,Process completed successfully,ZSD0358,ZTAB0358,Medium,sd
ISS0360,PP,Custom Issue 359,Unexpected SAP system behavior,Configuration or authorization issue,"Review logs, authorization and master data",Correct configuration and retest,Process completed successfully,ZPP0359,ZTAB0359,High,pp
ISS0361,MM,Custom Issue 360,Unexpected SAP system behavior,Configuration or authorization issue,"Review logs, authorization and master data",Correct configuration and retest,Process completed successfully,ZMM0360,ZTAB0360,Critical,mm
ISS0362,SD,Custom Issue 361,Unexpected SAP system behavior,Configuration or authorization issue,"Review logs, authorization and master data",Correct configuration and retest,Process completed successfully,ZSD0361,ZTAB0361,Medium,sd
ISS0363,FI,Custom Issue 362,Unexpected SAP system behavior,Configuration or authorization issue,"Review logs, authorization and master data",Correct configuration and retest,Process completed successfully,ZFI0362,ZTAB0362,Low,fi
ISS0364,WM,Custom Issue 363,Unexpected SAP system behavior,Configuration or authorization issue,"Review logs, authorization and master data",Correct configuration and retest,Process completed successfully,ZWM0363,ZTAB0363,Low,wm
ISS0365,FI,Custom Issue 364,Unexpected SAP system behavior,Configuration or authorization issue,"Review logs, authorization and master data",Correct configuration and retest,Process completed successfully,ZFI0364,ZTAB0364,Medium,fi
ISS0366,SD,Custom Issue 365,Unexpected SAP system behavior,Configuration or authorization issue,"Review logs, authorization and master data",Correct configuration and retest,Process completed successfully,ZSD0365,ZTAB0365,High,sd
ISS0367,QM,Custom Issue 366,Unexpected SAP system behavior,Configuration or authorization issue,"Review logs, authorization and master data",Correct configuration and retest,Process completed successfully,ZQM0366,ZTAB0366,Critical,qm
ISS0368,PP,Custom Issue 367,Unexpected SAP system behavior,Configuration or authorization issue,"Review logs, authorization and master data",Correct configuration and retest,Process completed successfully,ZPP0367,ZTAB0367,Medium,pp
ISS0369,SD,Custom Issue 368,Unexpected SAP system behavior,Configuration or authorization issue,"Review logs, authorization and master data",Correct configuration and retest,Process completed successfully,ZSD0368,ZTAB0368,Low,sd
ISS0370,MM,Custom Issue 369,Unexpected SAP system behavior,Configuration or authorization issue,"Review logs, authorization and master data",Correct configuration and retest,Process completed successfully,ZMM0369,ZTAB0369,Low,mm
ISS0371,WM,Custom Issue 370,Unexpected SAP system behavior,Configuration or authorization issue,"Review logs, authorization and master data",Correct configuration and retest,Process completed successfully,ZWM0370,ZTAB0370,Critical,wm
ISS0372,FI,Custom Issue 371,Unexpected SAP system behavior,Configuration or authorization issue,"Review logs, authorization and master data",Correct configuration and retest,Process completed successfully,ZFI0371,ZTAB0371,Low,fi
ISS0373,MM,Custom Issue 372,Unexpected SAP system behavior,Configuration or authorization issue,"Review logs, authorization and master data",Correct configuration and retest,Process completed successfully,ZMM0372,ZTAB0372,Critical,mm
ISS0374,PP,Custom Issue 373,Unexpected SAP system behavior,Configuration or authorization issue,"Review logs, authorization and master data",Correct configuration and retest,Process completed successfully,ZPP0373,ZTAB0373,Low,pp
ISS0375,PP,Custom Issue 374,Unexpected SAP system behavior,Configuration or authorization issue,"Review logs, authorization and master data",Correct configuration and retest,Process completed successfully,ZPP0374,ZTAB0374,Critical,pp
ISS0376,SD,Custom Issue 375,Unexpected SAP system behavior,Configuration or authorization issue,"Review logs, authorization and master data",Correct configuration and retest,Process completed successfully,ZSD0375,ZTAB0375,High,sd
ISS0377,MM,Custom Issue 376,Unexpected SAP system behavior,Configuration or authorization issue,"Review logs, authorization and master data",Correct configuration and retest,Process completed successfully,ZMM0376,ZTAB0376,High,mm
ISS0378,PP,Custom Issue 377,Unexpected SAP system behavior,Configuration or authorization issue,"Review logs, authorization and master data",Correct configuration and retest,Process completed successfully,ZPP0377,ZTAB0377,Critical,pp
ISS0379,PP,Custom Issue 378,Unexpected SAP system behavior,Configuration or authorization issue,"Review logs, authorization and master data",Correct configuration and retest,Process completed successfully,ZPP0378,ZTAB0378,Critical,pp
ISS0380,QM,Custom Issue 379,Unexpected SAP system behavior,Configuration or authorization issue,"Review logs, authorization and master data",Correct configuration and retest,Process completed successfully,ZQM0379,ZTAB0379,Medium,qm
ISS0381,PP,Custom Issue 380,Unexpected SAP system behavior,Configuration or authorization issue,"Review logs, authorization and master data",Correct configuration and retest,Process completed successfully,ZPP0380,ZTAB0380,Low,pp
ISS0382,MM,Custom Issue 381,Unexpected SAP system behavior,Configuration or authorization issue,"Review logs, authorization and master data",Correct configuration and retest,Process completed successfully,ZMM0381,ZTAB0381,High,mm
ISS0383,WM,Custom Issue 382,Unexpected SAP system behavior,Configuration or authorization issue,"Review logs, authorization and master data",Correct configuration and retest,Process completed successfully,ZWM0382,ZTAB0382,Critical,wm
ISS0384,FI,Custom Issue 383,Unexpected SAP system behavior,Configuration or authorization issue,"Review logs, authorization and master data",Correct configuration and retest,Process completed successfully,ZFI0383,ZTAB0383,Low,fi
ISS0385,FI,Custom Issue 384,Unexpected SAP system behavior,Configuration or authorization issue,"Review logs, authorization and master data",Correct configuration and retest,Process completed successfully,ZFI0384,ZTAB0384,Low,fi
ISS0386,MM,Custom Issue 385,Unexpected SAP system behavior,Configuration or authorization issue,"Review logs, authorization and master data",Correct configuration and retest,Process completed successfully,ZMM0385,ZTAB0385,Low,mm
ISS0387,QM,Custom Issue 386,Unexpected SAP system behavior,Configuration or authorization issue,"Review logs, authorization and master data",Correct configuration and retest,Process completed successfully,ZQM0386,ZTAB0386,High,qm
ISS0388,PP,Custom Issue 387,Unexpected SAP system behavior,Configuration or authorization issue,"Review logs, authorization and master data",Correct configuration and retest,Process completed successfully,ZPP0387,ZTAB0387,High,pp
ISS0389,PP,Custom Issue 388,Unexpected SAP system behavior,Configuration or authorization issue,"Review logs, authorization and master data",Correct configuration and retest,Process completed successfully,ZPP0388,ZTAB0388,Low,pp
ISS0390,FI,Custom Issue 389,Unexpected SAP system behavior,Configuration or authorization issue,"Review logs, authorization and master data",Correct configuration and retest,Process completed successfully,ZFI0389,ZTAB0389,Critical,fi
ISS0391,WM,Custom Issue 390,Unexpected SAP system behavior,Configuration or authorization issue,"Review logs, authorization and master data",Correct configuration and retest,Process completed successfully,ZWM0390,ZTAB0390,Medium,wm
ISS0392,MM,Custom Issue 391,Unexpected SAP system behavior,Configuration or authorization issue,"Review logs, authorization and master data",Correct configuration and retest,Process completed successfully,ZMM0391,ZTAB0391,Low,mm
ISS0393,FI,Custom Issue 392,Unexpected SAP system behavior,Configuration or authorization issue,"Review logs, authorization and master data",Correct configuration and retest,Process completed successfully,ZFI0392,ZTAB0392,Low,fi
ISS0394,QM,Custom Issue 393,Unexpected SAP system behavior,Configuration or authorization issue,"Review logs, authorization and master data",Correct configuration and retest,Process completed successfully,ZQM0393,ZTAB0393,High,qm
ISS0395,FI,Custom Issue 394,Unexpected SAP system behavior,Configuration or authorization issue,"Review logs, authorization and master data",Correct configuration and retest,Process completed successfully,ZFI0394,ZTAB0394,High,fi
ISS0396,PP,Custom Issue 395,Unexpected SAP system behavior,Configuration or authorization issue,"Review logs, authorization and master data",Correct configuration and retest,Process completed successfully,ZPP0395,ZTAB0395,Low,pp
ISS0397,WM,Custom Issue 396,Unexpected SAP system behavior,Configuration or authorization issue,"Review logs, authorization and master data",Correct configuration and retest,Process completed successfully,ZWM0396,ZTAB0396,Low,wm
ISS0398,FI,Custom Issue 397,Unexpected SAP system behavior,Configuration or authorization issue,"Review logs, authorization and master data",Correct configuration and retest,Process completed successfully,ZFI0397,ZTAB0397,Medium,fi
ISS0399,PP,Custom Issue 398,Unexpected SAP system behavior,Configuration or authorization issue,"Review logs, authorization and master data",Correct configuration and retest,Process completed successfully,ZPP0398,ZTAB0398,Medium,pp
ISS0400,QM,Custom Issue 399,Unexpected SAP system behavior,Configuration or authorization issue,"Review logs, authorization and master data",Correct configuration and retest,Process completed successfully,ZQM0399,ZTAB0399,Low,qm
ISS0401,SD,Custom Issue 400,Unexpected SAP system behavior,Configuration or authorization issue,"Review logs, authorization and master data",Correct configuration and retest,Process completed successfully,ZSD0400,ZTAB0400,Critical,sd
ISS0402,QM,Custom Issue 401,Unexpected SAP system behavior,Configuration or authorization issue,"Review logs, authorization and master data",Correct configuration and retest,Process completed successfully,ZQM0401,ZTAB0401,High,qm
ISS0403,WM,Custom Issue 402,Unexpected SAP system behavior,Configuration or authorization issue,"Review logs, authorization and master data",Correct configuration and retest,Process completed successfully,ZWM0402,ZTAB0402,Critical,wm
ISS0404,WM,Custom Issue 403,Unexpected SAP system behavior,Configuration or authorization issue,"Review logs, authorization and master data",Correct configuration and retest,Process completed successfully,ZWM0403,ZTAB0403,Medium,wm
ISS0405,SD,Custom Issue 404,Unexpected SAP system behavior,Configuration or authorization issue,"Review logs, authorization and master data",Correct configuration and retest,Process completed successfully,ZSD0404,ZTAB0404,Low,sd
ISS0406,FI,Custom Issue 405,Unexpected SAP system behavior,Configuration or authorization issue,"Review logs, authorization and master data",Correct configuration and retest,Process completed successfully,ZFI0405,ZTAB0405,Medium,fi
ISS0407,FI,Custom Issue 406,Unexpected SAP system behavior,Configuration or authorization issue,"Review logs, authorization and master data",Correct configuration and retest,Process completed successfully,ZFI0406,ZTAB0406,Low,fi
ISS0408,SD,Custom Issue 407,Unexpected SAP system behavior,Configuration or authorization issue,"Review logs, authorization and master data",Correct configuration and retest,Process completed successfully,ZSD0407,ZTAB0407,Medium,sd
ISS0409,SD,Custom Issue 408,Unexpected SAP system behavior,Configuration or authorization issue,"Review logs, authorization and master data",Correct configuration and retest,Process completed successfully,ZSD0408,ZTAB0408,Medium,sd
ISS0410,QM,Custom Issue 409,Unexpected SAP system behavior,Configuration or authorization issue,"Review logs, authorization and master data",Correct configuration and retest,Process completed successfully,ZQM0409,ZTAB0409,Critical,qm
ISS0411,WM,Custom Issue 410,Unexpected SAP system behavior,Configuration or authorization issue,"Review logs, authorization and master data",Correct configuration and retest,Process completed successfully,ZWM0410,ZTAB0410,Low,wm
ISS0412,PP,Custom Issue 411,Unexpected SAP system behavior,Configuration or authorization issue,"Review logs, authorization and master data",Correct configuration and retest,Process completed successfully,ZPP0411,ZTAB0411,Medium,pp
ISS0413,QM,Custom Issue 412,Unexpected SAP system behavior,Configuration or authorization issue,"Review logs, authorization and master data",Correct configuration and retest,Process completed successfully,ZQM0412,ZTAB0412,Medium,qm
ISS0414,WM,Custom Issue 413,Unexpected SAP system behavior,Configuration or authorization issue,"Review logs, authorization and master data",Correct configuration and retest,Process completed successfully,ZWM0413,ZTAB0413,Low,wm
ISS0415,PP,Custom Issue 414,Unexpected SAP system behavior,Configuration or authorization issue,"Review logs, authorization and master data",Correct configuration and retest,Process completed successfully,ZPP0414,ZTAB0414,Low,pp
ISS0416,QM,Custom Issue 415,Unexpected SAP system behavior,Configuration or authorization issue,"Review logs, authorization and master data",Correct configuration and retest,Process completed successfully,ZQM0415,ZTAB0415,Low,qm
ISS0417,MM,Custom Issue 416,Unexpected SAP system behavior,Configuration or authorization issue,"Review logs, authorization and master data",Correct configuration and retest,Process completed successfully,ZMM0416,ZTAB0416,Medium,mm
ISS0418,PP,Custom Issue 417,Unexpected SAP system behavior,Configuration or authorization issue,"Review logs, authorization and master data",Correct configuration and retest,Process completed successfully,ZPP0417,ZTAB0417,Low,pp
ISS0419,QM,Custom Issue 418,Unexpected SAP system behavior,Configuration or authorization issue,"Review logs, authorization and master data",Correct configuration and retest,Process completed successfully,ZQM0418,ZTAB0418,Low,qm
ISS0420,WM,Custom Issue 419,Unexpected SAP system behavior,Configuration or authorization issue,"Review logs, authorization and master data",Correct configuration and retest,Process completed successfully,ZWM0419,ZTAB0419,Low,wm
ISS0421,FI,Custom Issue 420,Unexpected SAP system behavior,Configuration or authorization issue,"Review logs, authorization and master data",Correct configuration and retest,Process completed successfully,ZFI0420,ZTAB0420,Medium,fi
ISS0422,WM,Custom Issue 421,Unexpected SAP system behavior,Configuration or authorization issue,"Review logs, authorization and master data",Correct configuration and retest,Process completed successfully,ZWM0421,ZTAB0421,High,wm
ISS0423,QM,Custom Issue 422,Unexpected SAP system behavior,Configuration or authorization issue,"Review logs, authorization and master data",Correct configuration and retest,Process completed successfully,ZQM0422,ZTAB0422,Low,qm
ISS0424,WM,Custom Issue 423,Unexpected SAP system behavior,Configuration or authorization issue,"Review logs, authorization and master data",Correct configuration and retest,Process completed successfully,ZWM0423,ZTAB0423,Low,wm
ISS0425,FI,Custom Issue 424,Unexpected SAP system behavior,Configuration or authorization issue,"Review logs, authorization and master data",Correct configuration and retest,Process completed successfully,ZFI0424,ZTAB0424,Medium,fi
ISS0426,SD,Custom Issue 425,Unexpected SAP system behavior,Configuration or authorization issue,"Review logs, authorization and master data",Correct configuration and retest,Process completed successfully,ZSD0425,ZTAB0425,Medium,sd
ISS0427,QM,Custom Issue 426,Unexpected SAP system behavior,Configuration or authorization issue,"Review logs, authorization and master data",Correct configuration and retest,Process completed successfully,ZQM0426,ZTAB0426,High,qm
ISS0428,FI,Custom Issue 427,Unexpected SAP system behavior,Configuration or authorization issue,"Review logs, authorization and master data",Correct configuration and retest,Process completed successfully,ZFI0427,ZTAB0427,Medium,fi
ISS0429,MM,Custom Issue 428,Unexpected SAP system behavior,Configuration or authorization issue,"Review logs, authorization and master data",Correct configuration and retest,Process completed successfully,ZMM0428,ZTAB0428,Medium,mm
ISS0430,MM,Custom Issue 429,Unexpected SAP system behavior,Configuration or authorization issue,"Review logs, authorization and master data",Correct configuration and retest,Process completed successfully,ZMM0429,ZTAB0429,Medium,mm
ISS0431,WM,Custom Issue 430,Unexpected SAP system behavior,Configuration or authorization issue,"Review logs, authorization and master data",Correct configuration and retest,Process completed successfully,ZWM0430,ZTAB0430,High,wm
ISS0432,QM,Custom Issue 431,Unexpected SAP system behavior,Configuration or authorization issue,"Review logs, authorization and master data",Correct configuration and retest,Process completed successfully,ZQM0431,ZTAB0431,Low,qm
ISS0433,QM,Custom Issue 432,Unexpected SAP system behavior,Configuration or authorization issue,"Review logs, authorization and master data",Correct configuration and retest,Process completed successfully,ZQM0432,ZTAB0432,High,qm
ISS0434,MM,Custom Issue 433,Unexpected SAP system behavior,Configuration or authorization issue,"Review logs, authorization and master data",Correct configuration and retest,Process completed successfully,ZMM0433,ZTAB0433,Low,mm
ISS0435,SD,Custom Issue 434,Unexpected SAP system behavior,Configuration or authorization issue,"Review logs, authorization and master data",Correct configuration and retest,Process completed successfully,ZSD0434,ZTAB0434,Medium,sd
ISS0436,PP,Custom Issue 435,Unexpected SAP system behavior,Configuration or authorization issue,"Review logs, authorization and master data",Correct configuration and retest,Process completed successfully,ZPP0435,ZTAB0435,Low,pp
ISS0437,WM,Custom Issue 436,Unexpected SAP system behavior,Configuration or authorization issue,"Review logs, authorization and master data",Correct configuration and retest,Process completed successfully,ZWM0436,ZTAB0436,Medium,wm
ISS0438,WM,Custom Issue 437,Unexpected SAP system behavior,Configuration or authorization issue,"Review logs, authorization and master data",Correct configuration and retest,Process completed successfully,ZWM0437,ZTAB0437,Low,wm
ISS0439,FI,Custom Issue 438,Unexpected SAP system behavior,Configuration or authorization issue,"Review logs, authorization and master data",Correct configuration and retest,Process completed successfully,ZFI0438,ZTAB0438,Medium,fi
ISS0440,MM,Custom Issue 439,Unexpected SAP system behavior,Configuration or authorization issue,"Review logs, authorization and master data",Correct configuration and retest,Process completed successfully,ZMM0439,ZTAB0439,Low,mm
ISS0441,WM,Custom Issue 440,Unexpected SAP system behavior,Configuration or authorization issue,"Review logs, authorization and master data",Correct configuration and retest,Process completed successfully,ZWM0440,ZTAB0440,High,wm
ISS0442,SD,Custom Issue 441,Unexpected SAP system behavior,Configuration or authorization issue,"Review logs, authorization and master data",Correct configuration and retest,Process completed successfully,ZSD0441,ZTAB0441,Critical,sd
ISS0443,PP,Custom Issue 442,Unexpected SAP system behavior,Configuration or authorization issue,"Review logs, authorization and master data",Correct configuration and retest,Process completed successfully,ZPP0442,ZTAB0442,Medium,pp
ISS0444,QM,Custom Issue 443,Unexpected SAP system behavior,Configuration or authorization issue,"Review logs, authorization and master data",Correct configuration and retest,Process completed successfully,ZQM0443,ZTAB0443,Medium,qm
ISS0445,QM,Custom Issue 444,Unexpected SAP system behavior,Configuration or authorization issue,"Review logs, authorization and master data",Correct configuration and retest,Process completed successfully,ZQM0444,ZTAB0444,Critical,qm
ISS0446,MM,Custom Issue 445,Unexpected SAP system behavior,Configuration or authorization issue,"Review logs, authorization and master data",Correct configuration and retest,Process completed successfully,ZMM0445,ZTAB0445,High,mm
ISS0447,QM,Custom Issue 446,Unexpected SAP system behavior,Configuration or authorization issue,"Review logs, authorization and master data",Correct configuration and retest,Process completed successfully,ZQM0446,ZTAB0446,High,qm
ISS0448,WM,Custom Issue 447,Unexpected SAP system behavior,Configuration or authorization issue,"Review logs, authorization and master data",Correct configuration and retest,Process completed successfully,ZWM0447,ZTAB0447,High,wm
ISS0449,SD,Custom Issue 448,Unexpected SAP system behavior,Configuration or authorization issue,"Review logs, authorization and master data",Correct configuration and retest,Process completed successfully,ZSD0448,ZTAB0448,Medium,sd
ISS0450,MM,Custom Issue 449,Unexpected SAP system behavior,Configuration or authorization issue,"Review logs, authorization and master data",Correct configuration and retest,Process completed successfully,ZMM0449,ZTAB0449,High,mm
ISS0451,PP,Custom Issue 450,Unexpected SAP system behavior,Configuration or authorization issue,"Review logs, authorization and master data",Correct configuration and retest,Process completed successfully,ZPP0450,ZTAB0450,Medium,pp
ISS0452,PP,Custom Issue 451,Unexpected SAP system behavior,Configuration or authorization issue,"Review logs, authorization and master data",Correct configuration and retest,Process completed successfully,ZPP0451,ZTAB0451,Critical,pp
ISS0453,PP,Custom Issue 452,Unexpected SAP system behavior,Configuration or authorization issue,"Review logs, authorization and master data",Correct configuration and retest,Process completed successfully,ZPP0452,ZTAB0452,Critical,pp
ISS0454,FI,Custom Issue 453,Unexpected SAP system behavior,Configuration or authorization issue,"Review logs, authorization and master data",Correct configuration and retest,Process completed successfully,ZFI0453,ZTAB0453,Low,fi
ISS0455,MM,Custom Issue 454,Unexpected SAP system behavior,Configuration or authorization issue,"Review logs, authorization and master data",Correct configuration and retest,Process completed successfully,ZMM0454,ZTAB0454,Low,mm
ISS0456,QM,Custom Issue 455,Unexpected SAP system behavior,Configuration or authorization issue,"Review logs, authorization and master data",Correct configuration and retest,Process completed successfully,ZQM0455,ZTAB0455,Medium,qm
ISS0457,SD,Custom Issue 456,Unexpected SAP system behavior,Configuration or authorization issue,"Review logs, authorization and master data",Correct configuration and retest,Process completed successfully,ZSD0456,ZTAB0456,Medium,sd
ISS0458,FI,Custom Issue 457,Unexpected SAP system behavior,Configuration or authorization issue,"Review logs, authorization and master data",Correct configuration and retest,Process completed successfully,ZFI0457,ZTAB0457,Low,fi
ISS0459,PP,Custom Issue 458,Unexpected SAP system behavior,Configuration or authorization issue,"Review logs, authorization and master data",Correct configuration and retest,Process completed successfully,ZPP0458,ZTAB0458,Medium,pp
ISS0460,FI,Custom Issue 459,Unexpected SAP system behavior,Configuration or authorization issue,"Review logs, authorization and master data",Correct configuration and retest,Process completed successfully,ZFI0459,ZTAB0459,Low,fi
ISS0461,MM,Custom Issue 460,Unexpected SAP system behavior,Configuration or authorization issue,"Review logs, authorization and master data",Correct configuration and retest,Process completed successfully,ZMM0460,ZTAB0460,Medium,mm
ISS0462,QM,Custom Issue 461,Unexpected SAP system behavior,Configuration or authorization issue,"Review logs, authorization and master data",Correct configuration and retest,Process completed successfully,ZQM0461,ZTAB0461,Medium,qm
ISS0463,PP,Custom Issue 462,Unexpected SAP system behavior,Configuration or authorization issue,"Review logs, authorization and master data",Correct configuration and retest,Process completed successfully,ZPP0462,ZTAB0462,Low,pp
ISS0464,SD,Custom Issue 463,Unexpected SAP system behavior,Configuration or authorization issue,"Review logs, authorization and master data",Correct configuration and retest,Process completed successfully,ZSD0463,ZTAB0463,Critical,sd
ISS0465,FI,Custom Issue 464,Unexpected SAP system behavior,Configuration or authorization issue,"Review logs, authorization and master data",Correct configuration and retest,Process completed successfully,ZFI0464,ZTAB0464,Critical,fi
ISS0466,MM,Custom Issue 465,Unexpected SAP system behavior,Configuration or authorization issue,"Review logs, authorization and master data",Correct configuration and retest,Process completed successfully,ZMM0465,ZTAB0465,High,mm
ISS0467,WM,Custom Issue 466,Unexpected SAP system behavior,Configuration or authorization issue,"Review logs, authorization and master data",Correct configuration and retest,Process completed successfully,ZWM0466,ZTAB0466,Critical,wm
ISS0468,MM,Custom Issue 467,Unexpected SAP system behavior,Configuration or authorization issue,"Review logs, authorization and master data",Correct configuration and retest,Process completed successfully,ZMM0467,ZTAB0467,Low,mm
ISS0469,PP,Custom Issue 468,Unexpected SAP system behavior,Configuration or authorization issue,"Review logs, authorization and master data",Correct configuration and retest,Process completed successfully,ZPP0468,ZTAB0468,High,pp
ISS0470,SD,Custom Issue 469,Unexpected SAP system behavior,Configuration or authorization issue,"Review logs, authorization and master data",Correct configuration and retest,Process completed successfully,ZSD0469,ZTAB0469,Medium,sd
ISS0471,FI,Custom Issue 470,Unexpected SAP system behavior,Configuration or authorization issue,"Review logs, authorization and master data",Correct configuration and retest,Process completed successfully,ZFI0470,ZTAB0470,Critical,fi
ISS0472,MM,Custom Issue 471,Unexpected SAP system behavior,Configuration or authorization issue,"Review logs, authorization and master data",Correct configuration and retest,Process completed successfully,ZMM0471,ZTAB0471,High,mm
ISS0473,SD,Custom Issue 472,Unexpected SAP system behavior,Configuration or authorization issue,"Review logs, authorization and master data",Correct configuration and retest,Process completed successfully,ZSD0472,ZTAB0472,High,sd
ISS0474,MM,Custom Issue 473,Unexpected SAP system behavior,Configuration or authorization issue,"Review logs, authorization and master data",Correct configuration and retest,Process completed successfully,ZMM0473,ZTAB0473,Critical,mm
ISS0475,QM,Custom Issue 474,Unexpected SAP system behavior,Configuration or authorization issue,"Review logs, authorization and master data",Correct configuration and retest,Process completed successfully,ZQM0474,ZTAB0474,Critical,qm
ISS0476,WM,Custom Issue 475,Unexpected SAP system behavior,Configuration or authorization issue,"Review logs, authorization and master data",Correct configuration and retest,Process completed successfully,ZWM0475,ZTAB0475,High,wm
ISS0477,QM,Custom Issue 476,Unexpected SAP system behavior,Configuration or authorization issue,"Review logs, authorization and master data",Correct configuration and retest,Process completed successfully,ZQM0476,ZTAB0476,Low,qm
ISS0478,MM,Custom Issue 477,Unexpected SAP system behavior,Configuration or authorization issue,"Review logs, authorization and master data",Correct configuration and retest,Process completed successfully,ZMM0477,ZTAB0477,Low,mm
ISS0479,QM,Custom Issue 478,Unexpected SAP system behavior,Configuration or authorization issue,"Review logs, authorization and master data",Correct configuration and retest,Process completed successfully,ZQM0478,ZTAB0478,Medium,qm
ISS0480,PP,Custom Issue 479,Unexpected SAP system behavior,Configuration or authorization issue,"Review logs, authorization and master data",Correct configuration and retest,Process completed successfully,ZPP0479,ZTAB0479,High,pp
ISS0481,PP,Custom Issue 480,Unexpected SAP system behavior,Configuration or authorization issue,"Review logs, authorization and master data",Correct configuration and retest,Process completed successfully,ZPP0480,ZTAB0480,Medium,pp
ISS0482,QM,Custom Issue 481,Unexpected SAP system behavior,Configuration or authorization issue,"Review logs, authorization and master data",Correct configuration and retest,Process completed successfully,ZQM0481,ZTAB0481,Low,qm
ISS0483,MM,Custom Issue 482,Unexpected SAP system behavior,Configuration or authorization issue,"Review logs, authorization and master data",Correct configuration and retest,Process completed successfully,ZMM0482,ZTAB0482,Medium,mm
ISS0484,PP,Custom Issue 483,Unexpected SAP system behavior,Configuration or authorization issue,"Review logs, authorization and master data",Correct configuration and retest,Process completed successfully,ZPP0483,ZTAB0483,Critical,pp
ISS0485,PP,Custom Issue 484,Unexpected SAP system behavior,Configuration or authorization issue,"Review logs, authorization and master data",Correct configuration and retest,Process completed successfully,ZPP0484,ZTAB0484,Low,pp
ISS0486,QM,Custom Issue 485,Unexpected SAP system behavior,Configuration or authorization issue,"Review logs, authorization and master data",Correct configuration and retest,Process completed successfully,ZQM0485,ZTAB0485,High,qm
ISS0487,MM,Custom Issue 486,Unexpected SAP system behavior,Configuration or authorization issue,"Review logs, authorization and master data",Correct configuration and retest,Process completed successfully,ZMM0486,ZTAB0486,Low,mm
ISS0488,SD,Custom Issue 487,Unexpected SAP system behavior,Configuration or authorization issue,"Review logs, authorization and master data",Correct configuration and retest,Process completed successfully,ZSD0487,ZTAB0487,High,sd
ISS0489,SD,Custom Issue 488,Unexpected SAP system behavior,Configuration or authorization issue,"Review logs, authorization and master data",Correct configuration and retest,Process completed successfully,ZSD0488,ZTAB0488,Low,sd
ISS0490,PP,Custom Issue 489,Unexpected SAP system behavior,Configuration or authorization issue,"Review logs, authorization and master data",Correct configuration and retest,Process completed successfully,ZPP0489,ZTAB0489,High,pp
ISS0491,FI,Custom Issue 490,Unexpected SAP system behavior,Configuration or authorization issue,"Review logs, authorization and master data",Correct configuration and retest,Process completed successfully,ZFI0490,ZTAB0490,Low,fi
ISS0492,MM,Custom Issue 491,Unexpected SAP system behavior,Configuration or authorization issue,"Review logs, authorization and master data",Correct configuration and retest,Process completed successfully,ZMM0491,ZTAB0491,Critical,mm
ISS0493,WM,Custom Issue 492,Unexpected SAP system behavior,Configuration or authorization issue,"Review logs, authorization and master data",Correct configuration and retest,Process completed successfully,ZWM0492,ZTAB0492,High,wm
ISS0494,PP,Custom Issue 493,Unexpected SAP system behavior,Configuration or authorization issue,"Review logs, authorization and master data",Correct configuration and retest,Process completed successfully,ZPP0493,ZTAB0493,Medium,pp
ISS0495,QM,Custom Issue 494,Unexpected SAP system behavior,Configuration or authorization issue,"Review logs, authorization and master data",Correct configuration and retest,Process completed successfully,ZQM0494,ZTAB0494,Medium,qm
ISS0496,MM,Custom Issue 495,Unexpected SAP system behavior,Configuration or authorization issue,"Review logs, authorization and master data",Correct configuration and retest,Process completed successfully,ZMM0495,ZTAB0495,Low,mm
ISS0497,SD,Custom Issue 496,Unexpected SAP system behavior,Configuration or authorization issue,"Review logs, authorization and master data",Correct configuration and retest,Process completed successfully,ZSD0496,ZTAB0496,Low,sd
ISS0498,SD,Custom Issue 497,Unexpected SAP system behavior,Configuration or authorization issue,"Review logs, authorization and master data",Correct configuration and retest,Process completed successfully,ZSD0497,ZTAB0497,Low,sd
ISS0499,QM,Custom Issue 498,Unexpected SAP system behavior,Configuration or authorization issue,"Review logs, authorization and master data",Correct configuration and retest,Process completed successfully,ZQM0498,ZTAB0498,Medium,qm
ISS0500,WM,Custom Issue 499,Unexpected SAP system behavior,Configuration or authorization issue,"Review logs, authorization and master data",Correct configuration and retest,Process completed successfully,ZWM0499,ZTAB0499,Critical,wm
ISS0501,SD,Custom Issue 500,Unexpected SAP system behavior,Configuration or authorization issue,"Review logs, authorization and master data",Correct configuration and retest,Process completed successfully,ZSD0500,ZTAB0500,High,sd
ISS0502,QM,Custom Issue 501,Unexpected SAP system behavior,Configuration or authorization issue,"Review logs, authorization and master data",Correct configuration and retest,Process completed successfully,ZQM0501,ZTAB0501,Low,qm
ISS0503,WM,Custom Issue 502,Unexpected SAP system behavior,Configuration or authorization issue,"Review logs, authorization and master data",Correct configuration and retest,Process completed successfully,ZWM0502,ZTAB0502,Low,wm
ISS0504,QM,Custom Issue 503,Unexpected SAP system behavior,Configuration or authorization issue,"Review logs, authorization and master data",Correct configuration and retest,Process completed successfully,ZQM0503,ZTAB0503,Medium,qm
ISS0505,WM,Custom Issue 504,Unexpected SAP system behavior,Configuration or authorization issue,"Review logs, authorization and master data",Correct configuration and retest,Process completed successfully,ZWM0504,ZTAB0504,Low,wm
ISS0506,PP,Custom Issue 505,Unexpected SAP system behavior,Configuration or authorization issue,"Review logs, authorization and master data",Correct configuration and retest,Process completed successfully,ZPP0505,ZTAB0505,Low,pp
ISS0507,PP,Custom Issue 506,Unexpected SAP system behavior,Configuration or authorization issue,"Review logs, authorization and master data",Correct configuration and retest,Process completed successfully,ZPP0506,ZTAB0506,Critical,pp
ISS0508,SD,Custom Issue 507,Unexpected SAP system behavior,Configuration or authorization issue,"Review logs, authorization and master data",Correct configuration and retest,Process completed successfully,ZSD0507,ZTAB0507,Medium,sd
ISS0509,MM,Custom Issue 508,Unexpected SAP system behavior,Configuration or authorization issue,"Review logs, authorization and master data",Correct configuration and retest,Process completed successfully,ZMM0508,ZTAB0508,Low,mm
ISS0510,FI,Custom Issue 509,Unexpected SAP system behavior,Configuration or authorization issue,"Review logs, authorization and master data",Correct configuration and retest,Process completed successfully,ZFI0509,ZTAB0509,Low,fi
ISS0511,FI,Custom Issue 510,Unexpected SAP system behavior,Configuration or authorization issue,"Review logs, authorization and master data",Correct configuration and retest,Process completed successfully,ZFI0510,ZTAB0510,High,fi
ISS0512,MM,Custom Issue 511,Unexpected SAP system behavior,Configuration or authorization issue,"Review logs, authorization and master data",Correct configuration and retest,Process completed successfully,ZMM0511,ZTAB0511,Low,mm
ISS0513,QM,Custom Issue 512,Unexpected SAP system behavior,Configuration or authorization issue,"Review logs, authorization and master data",Correct configuration and retest,Process completed successfully,ZQM0512,ZTAB0512,Medium,qm
ISS0514,FI,Custom Issue 513,Unexpected SAP system behavior,Configuration or authorization issue,"Review logs, authorization and master data",Correct configuration and retest,Process completed successfully,ZFI0513,ZTAB0513,Low,fi
ISS0515,PP,Custom Issue 514,Unexpected SAP system behavior,Configuration or authorization issue,"Review logs, authorization and master data",Correct configuration and retest,Process completed successfully,ZPP0514,ZTAB0514,Critical,pp
ISS0516,WM,Custom Issue 515,Unexpected SAP system behavior,Configuration or authorization issue,"Review logs, authorization and master data",Correct configuration and retest,Process completed successfully,ZWM0515,ZTAB0515,Medium,wm
ISS0517,FI,Custom Issue 516,Unexpected SAP system behavior,Configuration or authorization issue,"Review logs, authorization and master data",Correct configuration and retest,Process completed successfully,ZFI0516,ZTAB0516,Medium,fi
ISS0518,FI,Custom Issue 517,Unexpected SAP system behavior,Configuration or authorization issue,"Review logs, authorization and master data",Correct configuration and retest,Process completed successfully,ZFI0517,ZTAB0517,Low,fi
ISS0519,SD,Custom Issue 518,Unexpected SAP system behavior,Configuration or authorization issue,"Review logs, authorization and master data",Correct configuration and retest,Process completed successfully,ZSD0518,ZTAB0518,Critical,sd
ISS0520,MM,Custom Issue 519,Unexpected SAP system behavior,Configuration or authorization issue,"Review logs, authorization and master data",Correct configuration and retest,Process completed successfully,ZMM0519,ZTAB0519,Medium,mm
ISS0521,MM,Custom Issue 520,Unexpected SAP system behavior,Configuration or authorization issue,"Review logs, authorization and master data",Correct configuration and retest,Process completed successfully,ZMM0520,ZTAB0520,Medium,mm
ISS0522,MM,Custom Issue 521,Unexpected SAP system behavior,Configuration or authorization issue,"Review logs, authorization and master data",Correct configuration and retest,Process completed successfully,ZMM0521,ZTAB0521,Medium,mm
ISS0523,WM,Custom Issue 522,Unexpected SAP system behavior,Configuration or authorization issue,"Review logs, authorization and master data",Correct configuration and retest,Process completed successfully,ZWM0522,ZTAB0522,Medium,wm
ISS0524,MM,Custom Issue 523,Unexpected SAP system behavior,Configuration or authorization issue,"Review logs, authorization and master data",Correct configuration and retest,Process completed successfully,ZMM0523,ZTAB0523,High,mm
ISS0525,FI,Custom Issue 524,Unexpected SAP system behavior,Configuration or authorization issue,"Review logs, authorization and master data",Correct configuration and retest,Process completed successfully,ZFI0524,ZTAB0524,High,fi
ISS0526,WM,Custom Issue 525,Unexpected SAP system behavior,Configuration or authorization issue,"Review logs, authorization and master data",Correct configuration and retest,Process completed successfully,ZWM0525,ZTAB0525,Medium,wm
ISS0527,QM,Custom Issue 526,Unexpected SAP system behavior,Configuration or authorization issue,"Review logs, authorization and master data",Correct configuration and retest,Process completed successfully,ZQM0526,ZTAB0526,Medium,qm
ISS0528,QM,Custom Issue 527,Unexpected SAP system behavior,Configuration or authorization issue,"Review logs, authorization and master data",Correct configuration and retest,Process completed successfully,ZQM0527,ZTAB0527,Critical,qm
ISS0529,MM,Custom Issue 528,Unexpected SAP system behavior,Configuration or authorization issue,"Review logs, authorization and master data",Correct configuration and retest,Process completed successfully,ZMM0528,ZTAB0528,Medium,mm
ISS0530,WM,Custom Issue 529,Unexpected SAP system behavior,Configuration or authorization issue,"Review logs, authorization and master data",Correct configuration and retest,Process completed successfully,ZWM0529,ZTAB0529,High,wm
ISS0531,QM,Custom Issue 530,Unexpected SAP system behavior,Configuration or authorization issue,"Review logs, authorization and master data",Correct configuration and retest,Process completed successfully,ZQM0530,ZTAB0530,Critical,qm
ISS0532,WM,Custom Issue 531,Unexpected SAP system behavior,Configuration or authorization issue,"Review logs, authorization and master data",Correct configuration and retest,Process completed successfully,ZWM0531,ZTAB0531,Medium,wm
ISS0533,WM,Custom Issue 532,Unexpected SAP system behavior,Configuration or authorization issue,"Review logs, authorization and master data",Correct configuration and retest,Process completed successfully,ZWM0532,ZTAB0532,Critical,wm
ISS0534,FI,Custom Issue 533,Unexpected SAP system behavior,Configuration or authorization issue,"Review logs, authorization and master data",Correct configuration and retest,Process completed successfully,ZFI0533,ZTAB0533,High,fi
ISS0535,PP,Custom Issue 534,Unexpected SAP system behavior,Configuration or authorization issue,"Review logs, authorization and master data",Correct configuration and retest,Process completed successfully,ZPP0534,ZTAB0534,Low,pp
ISS0536,WM,Custom Issue 535,Unexpected SAP system behavior,Configuration or authorization issue,"Review logs, authorization and master data",Correct configuration and retest,Process completed successfully,ZWM0535,ZTAB0535,Medium,wm
ISS0537,FI,Custom Issue 536,Unexpected SAP system behavior,Configuration or authorization issue,"Review logs, authorization and master data",Correct configuration and retest,Process completed successfully,ZFI0536,ZTAB0536,Medium,fi
ISS0538,FI,Custom Issue 537,Unexpected SAP system behavior,Configuration or authorization issue,"Review logs, authorization and master data",Correct configuration and retest,Process completed successfully,ZFI0537,ZTAB0537,High,fi
ISS0539,WM,Custom Issue 538,Unexpected SAP system behavior,Configuration or authorization issue,"Review logs, authorization and master data",Correct configuration and retest,Process completed successfully,ZWM0538,ZTAB0538,Low,wm
ISS0540,MM,Custom Issue 539,Unexpected SAP system behavior,Configuration or authorization issue,"Review logs, authorization and master data",Correct configuration and retest,Process completed successfully,ZMM0539,ZTAB0539,High,mm
ISS0541,FI,Custom Issue 540,Unexpected SAP system behavior,Configuration or authorization issue,"Review logs, authorization and master data",Correct configuration and retest,Process completed successfully,ZFI0540,ZTAB0540,Critical,fi
ISS0542,FI,Custom Issue 541,Unexpected SAP system behavior,Configuration or authorization issue,"Review logs, authorization and master data",Correct configuration and retest,Process completed successfully,ZFI0541,ZTAB0541,Low,fi
ISS0543,SD,Custom Issue 542,Unexpected SAP system behavior,Configuration or authorization issue,"Review logs, authorization and master data",Correct configuration and retest,Process completed successfully,ZSD0542,ZTAB0542,Low,sd
ISS0544,PP,Custom Issue 543,Unexpected SAP system behavior,Configuration or authorization issue,"Review logs, authorization and master data",Correct configuration and retest,Process completed successfully,ZPP0543,ZTAB0543,Medium,pp
ISS0545,WM,Custom Issue 544,Unexpected SAP system behavior,Configuration or authorization issue,"Review logs, authorization and master data",Correct configuration and retest,Process completed successfully,ZWM0544,ZTAB0544,Critical,wm
ISS0546,SD,Custom Issue 545,Unexpected SAP system behavior,Configuration or authorization issue,"Review logs, authorization and master data",Correct configuration and retest,Process completed successfully,ZSD0545,ZTAB0545,High,sd
ISS0547,SD,Custom Issue 546,Unexpected SAP system behavior,Configuration or authorization issue,"Review logs, authorization and master data",Correct configuration and retest,Process completed successfully,ZSD0546,ZTAB0546,Medium,sd
ISS0548,FI,Custom Issue 547,Unexpected SAP system behavior,Configuration or authorization issue,"Review logs, authorization and master data",Correct configuration and retest,Process completed successfully,ZFI0547,ZTAB0547,Critical,fi
ISS0549,QM,Custom Issue 548,Unexpected SAP system behavior,Configuration or authorization issue,"Review logs, authorization and master data",Correct configuration and retest,Process completed successfully,ZQM0548,ZTAB0548,Medium,qm
ISS0550,PP,Custom Issue 549,Unexpected SAP system behavior,Configuration or authorization issue,"Review logs, authorization and master data",Correct configuration and retest,Process completed successfully,ZPP0549,ZTAB0549,Medium,pp
ISS0551,PP,Custom Issue 550,Unexpected SAP system behavior,Configuration or authorization issue,"Review logs, authorization and master data",Correct configuration and retest,Process completed successfully,ZPP0550,ZTAB0550,High,pp
ISS0552,PP,Custom Issue 551,Unexpected SAP system behavior,Configuration or authorization issue,"Review logs, authorization and master data",Correct configuration and retest,Process completed successfully,ZPP0551,ZTAB0551,High,pp
ISS0553,MM,Custom Issue 552,Unexpected SAP system behavior,Configuration or authorization issue,"Review logs, authorization and master data",Correct configuration and retest,Process completed successfully,ZMM0552,ZTAB0552,High,mm
ISS0554,WM,Custom Issue 553,Unexpected SAP system behavior,Configuration or authorization issue,"Review logs, authorization and master data",Correct configuration and retest,Process completed successfully,ZWM0553,ZTAB0553,Medium,wm
ISS0555,SD,Custom Issue 554,Unexpected SAP system behavior,Configuration or authorization issue,"Review logs, authorization and master data",Correct configuration and retest,Process completed successfully,ZSD0554,ZTAB0554,Critical,sd
ISS0556,SD,Custom Issue 555,Unexpected SAP system behavior,Configuration or authorization issue,"Review logs, authorization and master data",Correct configuration and retest,Process completed successfully,ZSD0555,ZTAB0555,High,sd
ISS0557,MM,Custom Issue 556,Unexpected SAP system behavior,Configuration or authorization issue,"Review logs, authorization and master data",Correct configuration and retest,Process completed successfully,ZMM0556,ZTAB0556,High,mm
ISS0558,SD,Custom Issue 557,Unexpected SAP system behavior,Configuration or authorization issue,"Review logs, authorization and master data",Correct configuration and retest,Process completed successfully,ZSD0557,ZTAB0557,Critical,sd
ISS0559,PP,Custom Issue 558,Unexpected SAP system behavior,Configuration or authorization issue,"Review logs, authorization and master data",Correct configuration and retest,Process completed successfully,ZPP0558,ZTAB0558,Low,pp
ISS0560,SD,Custom Issue 559,Unexpected SAP system behavior,Configuration or authorization issue,"Review logs, authorization and master data",Correct configuration and retest,Process completed successfully,ZSD0559,ZTAB0559,Critical,sd
ISS0561,SD,Custom Issue 560,Unexpected SAP system behavior,Configuration or authorization issue,"Review logs, authorization and master data",Correct configuration and retest,Process completed successfully,ZSD0560,ZTAB0560,High,sd
ISS0562,FI,Custom Issue 561,Unexpected SAP system behavior,Configuration or authorization issue,"Review logs, authorization and master data",Correct configuration and retest,Process completed successfully,ZFI0561,ZTAB0561,High,fi
ISS0563,FI,Custom Issue 562,Unexpected SAP system behavior,Configuration or authorization issue,"Review logs, authorization and master data",Correct configuration and retest,Process completed successfully,ZFI0562,ZTAB0562,Critical,fi
ISS0564,WM,Custom Issue 563,Unexpected SAP system behavior,Configuration or authorization issue,"Review logs, authorization and master data",Correct configuration and retest,Process completed successfully,ZWM0563,ZTAB0563,High,wm
ISS0565,PP,Custom Issue 564,Unexpected SAP system behavior,Configuration or authorization issue,"Review logs, authorization and master data",Correct configuration and retest,Process completed successfully,ZPP0564,ZTAB0564,Low,pp
ISS0566,WM,Custom Issue 565,Unexpected SAP system behavior,Configuration or authorization issue,"Review logs, authorization and master data",Correct configuration and retest,Process completed successfully,ZWM0565,ZTAB0565,Low,wm
ISS0567,FI,Custom Issue 566,Unexpected SAP system behavior,Configuration or authorization issue,"Review logs, authorization and master data",Correct configuration and retest,Process completed successfully,ZFI0566,ZTAB0566,Medium,fi
ISS0568,SD,Custom Issue 567,Unexpected SAP system behavior,Configuration or authorization issue,"Review logs, authorization and master data",Correct configuration and retest,Process completed successfully,ZSD0567,ZTAB0567,Low,sd
ISS0569,FI,Custom Issue 568,Unexpected SAP system behavior,Configuration or authorization issue,"Review logs, authorization and master data",Correct configuration and retest,Process completed successfully,ZFI0568,ZTAB0568,Critical,fi
ISS0570,FI,Custom Issue 569,Unexpected SAP system behavior,Configuration or authorization issue,"Review logs, authorization and master data",Correct configuration and retest,Process completed successfully,ZFI0569,ZTAB0569,Medium,fi
ISS0571,SD,Custom Issue 570,Unexpected SAP system behavior,Configuration or authorization issue,"Review logs, authorization and master data",Correct configuration and retest,Process completed successfully,ZSD0570,ZTAB0570,Low,sd
ISS0572,WM,Custom Issue 571,Unexpected SAP system behavior,Configuration or authorization issue,"Review logs, authorization and master data",Correct configuration and retest,Process completed successfully,ZWM0571,ZTAB0571,Critical,wm
ISS0573,PP,Custom Issue 572,Unexpected SAP system behavior,Configuration or authorization issue,"Review logs, authorization and master data",Correct configuration and retest,Process completed successfully,ZPP0572,ZTAB0572,High,pp
ISS0574,QM,Custom Issue 573,Unexpected SAP system behavior,Configuration or authorization issue,"Review logs, authorization and master data",Correct configuration and retest,Process completed successfully,ZQM0573,ZTAB0573,Critical,qm
ISS0575,QM,Custom Issue 574,Unexpected SAP system behavior,Configuration or authorization issue,"Review logs, authorization and master data",Correct configuration and retest,Process completed successfully,ZQM0574,ZTAB0574,Critical,qm
ISS0576,PP,Custom Issue 575,Unexpected SAP system behavior,Configuration or authorization issue,"Review logs, authorization and master data",Correct configuration and retest,Process completed successfully,ZPP0575,ZTAB0575,High,pp
ISS0577,MM,Custom Issue 576,Unexpected SAP system behavior,Configuration or authorization issue,"Review logs, authorization and master data",Correct configuration and retest,Process completed successfully,ZMM0576,ZTAB0576,High,mm
ISS0578,QM,Custom Issue 577,Unexpected SAP system behavior,Configuration or authorization issue,"Review logs, authorization and master data",Correct configuration and retest,Process completed successfully,ZQM0577,ZTAB0577,High,qm
ISS0579,SD,Custom Issue 578,Unexpected SAP system behavior,Configuration or authorization issue,"Review logs, authorization and master data",Correct configuration and retest,Process completed successfully,ZSD0578,ZTAB0578,High,sd
ISS0580,FI,Custom Issue 579,Unexpected SAP system behavior,Configuration or authorization issue,"Review logs, authorization and master data",Correct configuration and retest,Process completed successfully,ZFI0579,ZTAB0579,Medium,fi
ISS0581,PP,Custom Issue 580,Unexpected SAP system behavior,Configuration or authorization issue,"Review logs, authorization and master data",Correct configuration and retest,Process completed successfully,ZPP0580,ZTAB0580,High,pp
ISS0582,WM,Custom Issue 581,Unexpected SAP system behavior,Configuration or authorization issue,"Review logs, authorization and master data",Correct configuration and retest,Process completed successfully,ZWM0581,ZTAB0581,High,wm
ISS0583,QM,Custom Issue 582,Unexpected SAP system behavior,Configuration or authorization issue,"Review logs, authorization and master data",Correct configuration and retest,Process completed successfully,ZQM0582,ZTAB0582,Low,qm
ISS0584,MM,Custom Issue 583,Unexpected SAP system behavior,Configuration or authorization issue,"Review logs, authorization and master data",Correct configuration and retest,Process completed successfully,ZMM0583,ZTAB0583,Medium,mm
ISS0585,PP,Custom Issue 584,Unexpected SAP system behavior,Configuration or authorization issue,"Review logs, authorization and master data",Correct configuration and retest,Process completed successfully,ZPP0584,ZTAB0584,Critical,pp
ISS0586,SD,Custom Issue 585,Unexpected SAP system behavior,Configuration or authorization issue,"Review logs, authorization and master data",Correct configuration and retest,Process completed successfully,ZSD0585,ZTAB0585,Critical,sd
ISS0587,WM,Custom Issue 586,Unexpected SAP system behavior,Configuration or authorization issue,"Review logs, authorization and master data",Correct configuration and retest,Process completed successfully,ZWM0586,ZTAB0586,Low,wm
ISS0588,WM,Custom Issue 587,Unexpected SAP system behavior,Configuration or authorization issue,"Review logs, authorization and master data",Correct configuration and retest,Process completed successfully,ZWM0587,ZTAB0587,Critical,wm
ISS0589,WM,Custom Issue 588,Unexpected SAP system behavior,Configuration or authorization issue,"Review logs, authorization and master data",Correct configuration and retest,Process completed successfully,ZWM0588,ZTAB0588,Medium,wm
ISS0590,SD,Custom Issue 589,Unexpected SAP system behavior,Configuration or authorization issue,"Review logs, authorization and master data",Correct configuration and retest,Process completed successfully,ZSD0589,ZTAB0589,Medium,sd
ISS0591,FI,Custom Issue 590,Unexpected SAP system behavior,Configuration or authorization issue,"Review logs, authorization and master data",Correct configuration and retest,Process completed successfully,ZFI0590,ZTAB0590,Critical,fi
ISS0592,QM,Custom Issue 591,Unexpected SAP system behavior,Configuration or authorization issue,"Review logs, authorization and master data",Correct configuration and retest,Process completed successfully,ZQM0591,ZTAB0591,Critical,qm
ISS0593,FI,Custom Issue 592,Unexpected SAP system behavior,Configuration or authorization issue,"Review logs, authorization and master data",Correct configuration and retest,Process completed successfully,ZFI0592,ZTAB0592,Critical,fi
ISS0594,QM,Custom Issue 593,Unexpected SAP system behavior,Configuration or authorization issue,"Review logs, authorization and master data",Correct configuration and retest,Process completed successfully,ZQM0593,ZTAB0593,Low,qm
ISS0595,SD,Custom Issue 594,Unexpected SAP system behavior,Configuration or authorization issue,"Review logs, authorization and master data",Correct configuration and retest,Process completed successfully,ZSD0594,ZTAB0594,High,sd
ISS0596,WM,Custom Issue 595,Unexpected SAP system behavior,Configuration or authorization issue,"Review logs, authorization and master data",Correct configuration and retest,Process completed successfully,ZWM0595,ZTAB0595,High,wm
ISS0597,MM,Custom Issue 596,Unexpected SAP system behavior,Configuration or authorization issue,"Review logs, authorization and master data",Correct configuration and retest,Process completed successfully,ZMM0596,ZTAB0596,High,mm
ISS0598,WM,Custom Issue 597,Unexpected SAP system behavior,Configuration or authorization issue,"Review logs, authorization and master data",Correct configuration and retest,Process completed successfully,ZWM0597,ZTAB0597,Medium,wm
ISS0599,PP,Custom Issue 598,Unexpected SAP system behavior,Configuration or authorization issue,"Review logs, authorization and master data",Correct configuration and retest,Process completed successfully,ZPP0598,ZTAB0598,Low,pp
ISS0600,MM,Custom Issue 599,Unexpected SAP system behavior,Configuration or authorization issue,"Review logs, authorization and master data",Correct configuration and retest,Process completed successfully,ZMM0599,ZTAB0599,Medium,mm
ISS0601,QM,Custom Issue 600,Unexpected SAP system behavior,Configuration or authorization issue,"Review logs, authorization and master data",Correct configuration and retest,Process completed successfully,ZQM0600,ZTAB0600,High,qm
ISS0602,PP,Custom Issue 601,Unexpected SAP system behavior,Configuration or authorization issue,"Review logs, authorization and master data",Correct configuration and retest,Process completed successfully,ZPP0601,ZTAB0601,Medium,pp
ISS0603,SD,Custom Issue 602,Unexpected SAP system behavior,Configuration or authorization issue,"Review logs, authorization and master data",Correct configuration and retest,Process completed successfully,ZSD0602,ZTAB0602,High,sd
ISS0604,WM,Custom Issue 603,Unexpected SAP system behavior,Configuration or authorization issue,"Review logs, authorization and master data",Correct configuration and retest,Process completed successfully,ZWM0603,ZTAB0603,High,wm
ISS0605,FI,Custom Issue 604,Unexpected SAP system behavior,Configuration or authorization issue,"Review logs, authorization and master data",Correct configuration and retest,Process completed successfully,ZFI0604,ZTAB0604,Critical,fi
ISS0606,FI,Custom Issue 605,Unexpected SAP system behavior,Configuration or authorization issue,"Review logs, authorization and master data",Correct configuration and retest,Process completed successfully,ZFI0605,ZTAB0605,Critical,fi
ISS0607,PP,Custom Issue 606,Unexpected SAP system behavior,Configuration or authorization issue,"Review logs, authorization and master data",Correct configuration and retest,Process completed successfully,ZPP0606,ZTAB0606,Critical,pp
ISS0608,PP,Custom Issue 607,Unexpected SAP system behavior,Configuration or authorization issue,"Review logs, authorization and master data",Correct configuration and retest,Process completed successfully,ZPP0607,ZTAB0607,High,pp
ISS0609,PP,Custom Issue 608,Unexpected SAP system behavior,Configuration or authorization issue,"Review logs, authorization and master data",Correct configuration and retest,Process completed successfully,ZPP0608,ZTAB0608,Medium,pp
ISS0610,SD,Custom Issue 609,Unexpected SAP system behavior,Configuration or authorization issue,"Review logs, authorization and master data",Correct configuration and retest,Process completed successfully,ZSD0609,ZTAB0609,Low,sd
ISS0611,PP,Custom Issue 610,Unexpected SAP system behavior,Configuration or authorization issue,"Review logs, authorization and master data",Correct configuration and retest,Process completed successfully,ZPP0610,ZTAB0610,Critical,pp
ISS0612,SD,Custom Issue 611,Unexpected SAP system behavior,Configuration or authorization issue,"Review logs, authorization and master data",Correct configuration and retest,Process completed successfully,ZSD0611,ZTAB0611,Critical,sd
ISS0613,FI,Custom Issue 612,Unexpected SAP system behavior,Configuration or authorization issue,"Review logs, authorization and master data",Correct configuration and retest,Process completed successfully,ZFI0612,ZTAB0612,Medium,fi
ISS0614,QM,Custom Issue 613,Unexpected SAP system behavior,Configuration or authorization issue,"Review logs, authorization and master data",Correct configuration and retest,Process completed successfully,ZQM0613,ZTAB0613,Critical,qm
ISS0615,MM,Custom Issue 614,Unexpected SAP system behavior,Configuration or authorization issue,"Review logs, authorization and master data",Correct configuration and retest,Process completed successfully,ZMM0614,ZTAB0614,Critical,mm
ISS0616,WM,Custom Issue 615,Unexpected SAP system behavior,Configuration or authorization issue,"Review logs, authorization and master data",Correct configuration and retest,Process completed successfully,ZWM0615,ZTAB0615,Medium,wm
ISS0617,FI,Custom Issue 616,Unexpected SAP system behavior,Configuration or authorization issue,"Review logs, authorization and master data",Correct configuration and retest,Process completed successfully,ZFI0616,ZTAB0616,Critical,fi
ISS0618,QM,Custom Issue 617,Unexpected SAP system behavior,Configuration or authorization issue,"Review logs, authorization and master data",Correct configuration and retest,Process completed successfully,ZQM0617,ZTAB0617,High,qm
ISS0619,MM,Custom Issue 618,Unexpected SAP system behavior,Configuration or authorization issue,"Review logs, authorization and master data",Correct configuration and retest,Process completed successfully,ZMM0618,ZTAB0618,Low,mm
ISS0620,QM,Custom Issue 619,Unexpected SAP system behavior,Configuration or authorization issue,"Review logs, authorization and master data",Correct configuration and retest,Process completed successfully,ZQM0619,ZTAB0619,Medium,qm
ISS0621,MM,Custom Issue 620,Unexpected SAP system behavior,Configuration or authorization issue,"Review logs, authorization and master data",Correct configuration and retest,Process completed successfully,ZMM0620,ZTAB0620,Critical,mm
ISS0622,PP,Custom Issue 621,Unexpected SAP system behavior,Configuration or authorization issue,"Review logs, authorization and master data",Correct configuration and retest,Process completed successfully,ZPP0621,ZTAB0621,High,pp
ISS0623,QM,Custom Issue 622,Unexpected SAP system behavior,Configuration or authorization issue,"Review logs, authorization and master data",Correct configuration and retest,Process completed successfully,ZQM0622,ZTAB0622,High,qm
ISS0624,SD,Custom Issue 623,Unexpected SAP system behavior,Configuration or authorization issue,"Review logs, authorization and master data",Correct configuration and retest,Process completed successfully,ZSD0623,ZTAB0623,Low,sd
ISS0625,WM,Custom Issue 624,Unexpected SAP system behavior,Configuration or authorization issue,"Review logs, authorization and master data",Correct configuration and retest,Process completed successfully,ZWM0624,ZTAB0624,Medium,wm
ISS0626,WM,Custom Issue 625,Unexpected SAP system behavior,Configuration or authorization issue,"Review logs, authorization and master data",Correct configuration and retest,Process completed successfully,ZWM0625,ZTAB0625,Medium,wm
ISS0627,FI,Custom Issue 626,Unexpected SAP system behavior,Configuration or authorization issue,"Review logs, authorization and master data",Correct configuration and retest,Process completed successfully,ZFI0626,ZTAB0626,Critical,fi
ISS0628,SD,Custom Issue 627,Unexpected SAP system behavior,Configuration or authorization issue,"Review logs, authorization and master data",Correct configuration and retest,Process completed successfully,ZSD0627,ZTAB0627,High,sd
ISS0629,FI,Custom Issue 628,Unexpected SAP system behavior,Configuration or authorization issue,"Review logs, authorization and master data",Correct configuration and retest,Process completed successfully,ZFI0628,ZTAB0628,Low,fi
ISS0630,QM,Custom Issue 629,Unexpected SAP system behavior,Configuration or authorization issue,"Review logs, authorization and master data",Correct configuration and retest,Process completed successfully,ZQM0629,ZTAB0629,Critical,qm
ISS0631,FI,Custom Issue 630,Unexpected SAP system behavior,Configuration or authorization issue,"Review logs, authorization and master data",Correct configuration and retest,Process completed successfully,ZFI0630,ZTAB0630,Medium,fi
ISS0632,PP,Custom Issue 631,Unexpected SAP system behavior,Configuration or authorization issue,"Review logs, authorization and master data",Correct configuration and retest,Process completed successfully,ZPP0631,ZTAB0631,Medium,pp
ISS0633,PP,Custom Issue 632,Unexpected SAP system behavior,Configuration or authorization issue,"Review logs, authorization and master data",Correct configuration and retest,Process completed successfully,ZPP0632,ZTAB0632,Low,pp
ISS0634,PP,Custom Issue 633,Unexpected SAP system behavior,Configuration or authorization issue,"Review logs, authorization and master data",Correct configuration and retest,Process completed successfully,ZPP0633,ZTAB0633,Low,pp
ISS0635,WM,Custom Issue 634,Unexpected SAP system behavior,Configuration or authorization issue,"Review logs, authorization and master data",Correct configuration and retest,Process completed successfully,ZWM0634,ZTAB0634,High,wm
ISS0636,MM,Custom Issue 635,Unexpected SAP system behavior,Configuration or authorization issue,"Review logs, authorization and master data",Correct configuration and retest,Process completed successfully,ZMM0635,ZTAB0635,Critical,mm
ISS0637,MM,Custom Issue 636,Unexpected SAP system behavior,Configuration or authorization issue,"Review logs, authorization and master data",Correct configuration and retest,Process completed successfully,ZMM0636,ZTAB0636,High,mm
ISS0638,MM,Custom Issue 637,Unexpected SAP system behavior,Configuration or authorization issue,"Review logs, authorization and master data",Correct configuration and retest,Process completed successfully,ZMM0637,ZTAB0637,Low,mm
ISS0639,SD,Custom Issue 638,Unexpected SAP system behavior,Configuration or authorization issue,"Review logs, authorization and master data",Correct configuration and retest,Process completed successfully,ZSD0638,ZTAB0638,High,sd
ISS0640,MM,Custom Issue 639,Unexpected SAP system behavior,Configuration or authorization issue,"Review logs, authorization and master data",Correct configuration and retest,Process completed successfully,ZMM0639,ZTAB0639,Critical,mm
ISS0641,FI,Custom Issue 640,Unexpected SAP system behavior,Configuration or authorization issue,"Review logs, authorization and master data",Correct configuration and retest,Process completed successfully,ZFI0640,ZTAB0640,Medium,fi
ISS0642,FI,Custom Issue 641,Unexpected SAP system behavior,Configuration or authorization issue,"Review logs, authorization and master data",Correct configuration and retest,Process completed successfully,ZFI0641,ZTAB0641,Critical,fi
ISS0643,MM,Custom Issue 642,Unexpected SAP system behavior,Configuration or authorization issue,"Review logs, authorization and master data",Correct configuration and retest,Process completed successfully,ZMM0642,ZTAB0642,Critical,mm
ISS0644,MM,Custom Issue 643,Unexpected SAP system behavior,Configuration or authorization issue,"Review logs, authorization and master data",Correct configuration and retest,Process completed successfully,ZMM0643,ZTAB0643,Critical,mm
ISS0645,WM,Custom Issue 644,Unexpected SAP system behavior,Configuration or authorization issue,"Review logs, authorization and master data",Correct configuration and retest,Process completed successfully,ZWM0644,ZTAB0644,High,wm
ISS0646,WM,Custom Issue 645,Unexpected SAP system behavior,Configuration or authorization issue,"Review logs, authorization and master data",Correct configuration and retest,Process completed successfully,ZWM0645,ZTAB0645,Medium,wm
ISS0647,WM,Custom Issue 646,Unexpected SAP system behavior,Configuration or authorization issue,"Review logs, authorization and master data",Correct configuration and retest,Process completed successfully,ZWM0646,ZTAB0646,Low,wm
ISS0648,PP,Custom Issue 647,Unexpected SAP system behavior,Configuration or authorization issue,"Review logs, authorization and master data",Correct configuration and retest,Process completed successfully,ZPP0647,ZTAB0647,Critical,pp
ISS0649,MM,Custom Issue 648,Unexpected SAP system behavior,Configuration or authorization issue,"Review logs, authorization and master data",Correct configuration and retest,Process completed successfully,ZMM0648,ZTAB0648,Low,mm
ISS0650,PP,Custom Issue 649,Unexpected SAP system behavior,Configuration or authorization issue,"Review logs, authorization and master data",Correct configuration and retest,Process completed successfully,ZPP0649,ZTAB0649,Low,pp
ISS0651,WM,Custom Issue 650,Unexpected SAP system behavior,Configuration or authorization issue,"Review logs, authorization and master data",Correct configuration and retest,Process completed successfully,ZWM0650,ZTAB0650,High,wm
ISS0652,QM,Custom Issue 651,Unexpected SAP system behavior,Configuration or authorization issue,"Review logs, authorization and master data",Correct configuration and retest,Process completed successfully,ZQM0651,ZTAB0651,High,qm
ISS0653,PP,Custom Issue 652,Unexpected SAP system behavior,Configuration or authorization issue,"Review logs, authorization and master data",Correct configuration and retest,Process completed successfully,ZPP0652,ZTAB0652,Medium,pp
ISS0654,PP,Custom Issue 653,Unexpected SAP system behavior,Configuration or authorization issue,"Review logs, authorization and master data",Correct configuration and retest,Process completed successfully,ZPP0653,ZTAB0653,Low,pp
ISS0655,MM,Custom Issue 654,Unexpected SAP system behavior,Configuration or authorization issue,"Review logs, authorization and master data",Correct configuration and retest,Process completed successfully,ZMM0654,ZTAB0654,Medium,mm
ISS0656,FI,Custom Issue 655,Unexpected SAP system behavior,Configuration or authorization issue,"Review logs, authorization and master data",Correct configuration and retest,Process completed successfully,ZFI0655,ZTAB0655,Critical,fi
ISS0657,SD,Custom Issue 656,Unexpected SAP system behavior,Configuration or authorization issue,"Review logs, authorization and master data",Correct configuration and retest,Process completed successfully,ZSD0656,ZTAB0656,Critical,sd
ISS0658,PP,Custom Issue 657,Unexpected SAP system behavior,Configuration or authorization issue,"Review logs, authorization and master data",Correct configuration and retest,Process completed successfully,ZPP0657,ZTAB0657,Critical,pp
ISS0659,WM,Custom Issue 658,Unexpected SAP system behavior,Configuration or authorization issue,"Review logs, authorization and master data",Correct configuration and retest,Process completed successfully,ZWM0658,ZTAB0658,Critical,wm
ISS0660,WM,Custom Issue 659,Unexpected SAP system behavior,Configuration or authorization issue,"Review logs, authorization and master data",Correct configuration and retest,Process completed successfully,ZWM0659,ZTAB0659,Low,wm
ISS0661,FI,Custom Issue 660,Unexpected SAP system behavior,Configuration or authorization issue,"Review logs, authorization and master data",Correct configuration and retest,Process completed successfully,ZFI0660,ZTAB0660,High,fi
ISS0662,WM,Custom Issue 661,Unexpected SAP system behavior,Configuration or authorization issue,"Review logs, authorization and master data",Correct configuration and retest,Process completed successfully,ZWM0661,ZTAB0661,High,wm
ISS0663,QM,Custom Issue 662,Unexpected SAP system behavior,Configuration or authorization issue,"Review logs, authorization and master data",Correct configuration and retest,Process completed successfully,ZQM0662,ZTAB0662,Low,qm
ISS0664,QM,Custom Issue 663,Unexpected SAP system behavior,Configuration or authorization issue,"Review logs, authorization and master data",Correct configuration and retest,Process completed successfully,ZQM0663,ZTAB0663,High,qm
ISS0665,MM,Custom Issue 664,Unexpected SAP system behavior,Configuration or authorization issue,"Review logs, authorization and master data",Correct configuration and retest,Process completed successfully,ZMM0664,ZTAB0664,High,mm
ISS0666,PP,Custom Issue 665,Unexpected SAP system behavior,Configuration or authorization issue,"Review logs, authorization and master data",Correct configuration and retest,Process completed successfully,ZPP0665,ZTAB0665,Low,pp
ISS0667,FI,Custom Issue 666,Unexpected SAP system behavior,Configuration or authorization issue,"Review logs, authorization and master data",Correct configuration and retest,Process completed successfully,ZFI0666,ZTAB0666,Low,fi
ISS0668,PP,Custom Issue 667,Unexpected SAP system behavior,Configuration or authorization issue,"Review logs, authorization and master data",Correct configuration and retest,Process completed successfully,ZPP0667,ZTAB0667,Medium,pp
ISS0669,PP,Custom Issue 668,Unexpected SAP system behavior,Configuration or authorization issue,"Review logs, authorization and master data",Correct configuration and retest,Process completed successfully,ZPP0668,ZTAB0668,Medium,pp
ISS0670,PP,Custom Issue 669,Unexpected SAP system behavior,Configuration or authorization issue,"Review logs, authorization and master data",Correct configuration and retest,Process completed successfully,ZPP0669,ZTAB0669,Low,pp
ISS0671,WM,Custom Issue 670,Unexpected SAP system behavior,Configuration or authorization issue,"Review logs, authorization and master data",Correct configuration and retest,Process completed successfully,ZWM0670,ZTAB0670,Medium,wm
ISS0672,MM,Custom Issue 671,Unexpected SAP system behavior,Configuration or authorization issue,"Review logs, authorization and master data",Correct configuration and retest,Process completed successfully,ZMM0671,ZTAB0671,High,mm
ISS0673,SD,Custom Issue 672,Unexpected SAP system behavior,Configuration or authorization issue,"Review logs, authorization and master data",Correct configuration and retest,Process completed successfully,ZSD0672,ZTAB0672,Low,sd
ISS0674,PP,Custom Issue 673,Unexpected SAP system behavior,Configuration or authorization issue,"Review logs, authorization and master data",Correct configuration and retest,Process completed successfully,ZPP0673,ZTAB0673,Critical,pp
ISS0675,FI,Custom Issue 674,Unexpected SAP system behavior,Configuration or authorization issue,"Review logs, authorization and master data",Correct configuration and retest,Process completed successfully,ZFI0674,ZTAB0674,High,fi
ISS0676,PP,Custom Issue 675,Unexpected SAP system behavior,Configuration or authorization issue,"Review logs, authorization and master data",Correct configuration and retest,Process completed successfully,ZPP0675,ZTAB0675,High,pp
ISS0677,FI,Custom Issue 676,Unexpected SAP system behavior,Configuration or authorization issue,"Review logs, authorization and master data",Correct configuration and retest,Process completed successfully,ZFI0676,ZTAB0676,Low,fi
ISS0678,FI,Custom Issue 677,Unexpected SAP system behavior,Configuration or authorization issue,"Review logs, authorization and master data",Correct configuration and retest,Process completed successfully,ZFI0677,ZTAB0677,High,fi
ISS0679,PP,Custom Issue 678,Unexpected SAP system behavior,Configuration or authorization issue,"Review logs, authorization and master data",Correct configuration and retest,Process completed successfully,ZPP0678,ZTAB0678,Medium,pp
ISS0680,SD,Custom Issue 679,Unexpected SAP system behavior,Configuration or authorization issue,"Review logs, authorization and master data",Correct configuration and retest,Process completed successfully,ZSD0679,ZTAB0679,Low,sd
ISS0681,PP,Custom Issue 680,Unexpected SAP system behavior,Configuration or authorization issue,"Review logs, authorization and master data",Correct configuration and retest,Process completed successfully,ZPP0680,ZTAB0680,Critical,pp
ISS0682,SD,Custom Issue 681,Unexpected SAP system behavior,Configuration or authorization issue,"Review logs, authorization and master data",Correct configuration and retest,Process completed successfully,ZSD0681,ZTAB0681,High,sd
ISS0683,FI,Custom Issue 682,Unexpected SAP system behavior,Configuration or authorization issue,"Review logs, authorization and master data",Correct configuration and retest,Process completed successfully,ZFI0682,ZTAB0682,Critical,fi
ISS0684,SD,Custom Issue 683,Unexpected SAP system behavior,Configuration or authorization issue,"Review logs, authorization and master data",Correct configuration and retest,Process completed successfully,ZSD0683,ZTAB0683,Critical,sd
ISS0685,MM,Custom Issue 684,Unexpected SAP system behavior,Configuration or authorization issue,"Review logs, authorization and master data",Correct configuration and retest,Process completed successfully,ZMM0684,ZTAB0684,Low,mm
ISS0686,FI,Custom Issue 685,Unexpected SAP system behavior,Configuration or authorization issue,"Review logs, authorization and master data",Correct configuration and retest,Process completed successfully,ZFI0685,ZTAB0685,Medium,fi
ISS0687,SD,Custom Issue 686,Unexpected SAP system behavior,Configuration or authorization issue,"Review logs, authorization and master data",Correct configuration and retest,Process completed successfully,ZSD0686,ZTAB0686,Medium,sd
ISS0688,QM,Custom Issue 687,Unexpected SAP system behavior,Configuration or authorization issue,"Review logs, authorization and master data",Correct configuration and retest,Process completed successfully,ZQM0687,ZTAB0687,High,qm
ISS0689,PP,Custom Issue 688,Unexpected SAP system behavior,Configuration or authorization issue,"Review logs, authorization and master data",Correct configuration and retest,Process completed successfully,ZPP0688,ZTAB0688,Critical,pp
ISS0690,SD,Custom Issue 689,Unexpected SAP system behavior,Configuration or authorization issue,"Review logs, authorization and master data",Correct configuration and retest,Process completed successfully,ZSD0689,ZTAB0689,Critical,sd
ISS0691,MM,Custom Issue 690,Unexpected SAP system behavior,Configuration or authorization issue,"Review logs, authorization and master data",Correct configuration and retest,Process completed successfully,ZMM0690,ZTAB0690,Low,mm
ISS0692,WM,Custom Issue 691,Unexpected SAP system behavior,Configuration or authorization issue,"Review logs, authorization and master data",Correct configuration and retest,Process completed successfully,ZWM0691,ZTAB0691,Low,wm
ISS0693,PP,Custom Issue 692,Unexpected SAP system behavior,Configuration or authorization issue,"Review logs, authorization and master data",Correct configuration and retest,Process completed successfully,ZPP0692,ZTAB0692,Low,pp
ISS0694,WM,Custom Issue 693,Unexpected SAP system behavior,Configuration or authorization issue,"Review logs, authorization and master data",Correct configuration and retest,Process completed successfully,ZWM0693,ZTAB0693,Critical,wm
ISS0695,FI,Custom Issue 694,Unexpected SAP system behavior,Configuration or authorization issue,"Review logs, authorization and master data",Correct configuration and retest,Process completed successfully,ZFI0694,ZTAB0694,Low,fi
ISS0696,FI,Custom Issue 695,Unexpected SAP system behavior,Configuration or authorization issue,"Review logs, authorization and master data",Correct configuration and retest,Process completed successfully,ZFI0695,ZTAB0695,Low,fi
ISS0697,QM,Custom Issue 696,Unexpected SAP system behavior,Configuration or authorization issue,"Review logs, authorization and master data",Correct configuration and retest,Process completed successfully,ZQM0696,ZTAB0696,Critical,qm
ISS0698,QM,Custom Issue 697,Unexpected SAP system behavior,Configuration or authorization issue,"Review logs, authorization and master data",Correct configuration and retest,Process completed successfully,ZQM0697,ZTAB0697,High,qm
ISS0699,QM,Custom Issue 698,Unexpected SAP system behavior,Configuration or authorization issue,"Review logs, authorization and master data",Correct configuration and retest,Process completed successfully,ZQM0698,ZTAB0698,Medium,qm
ISS0700,SD,Custom Issue 699,Unexpected SAP system behavior,Configuration or authorization issue,"Review logs, authorization and master data",Correct configuration and retest,Process completed successfully,ZSD0699,ZTAB0699,Medium,sd
ISS0701,WM,Custom Issue 700,Unexpected SAP system behavior,Configuration or authorization issue,"Review logs, authorization and master data",Correct configuration and retest,Process completed successfully,ZWM0700,ZTAB0700,Critical,wm
ISS0702,MM,Custom Issue 701,Unexpected SAP system behavior,Configuration or authorization issue,"Review logs, authorization and master data",Correct configuration and retest,Process completed successfully,ZMM0701,ZTAB0701,Low,mm
ISS0703,PP,Custom Issue 702,Unexpected SAP system behavior,Configuration or authorization issue,"Review logs, authorization and master data",Correct configuration and retest,Process completed successfully,ZPP0702,ZTAB0702,High,pp
ISS0704,PP,Custom Issue 703,Unexpected SAP system behavior,Configuration or authorization issue,"Review logs, authorization and master data",Correct configuration and retest,Process completed successfully,ZPP0703,ZTAB0703,High,pp
ISS0705,FI,Custom Issue 704,Unexpected SAP system behavior,Configuration or authorization issue,"Review logs, authorization and master data",Correct configuration and retest,Process completed successfully,ZFI0704,ZTAB0704,Critical,fi
ISS0706,FI,Custom Issue 705,Unexpected SAP system behavior,Configuration or authorization issue,"Review logs, authorization and master data",Correct configuration and retest,Process completed successfully,ZFI0705,ZTAB0705,Medium,fi
ISS0707,QM,Custom Issue 706,Unexpected SAP system behavior,Configuration or authorization issue,"Review logs, authorization and master data",Correct configuration and retest,Process completed successfully,ZQM0706,ZTAB0706,Medium,qm
ISS0708,SD,Custom Issue 707,Unexpected SAP system behavior,Configuration or authorization issue,"Review logs, authorization and master data",Correct configuration and retest,Process completed successfully,ZSD0707,ZTAB0707,Medium,sd
ISS0709,PP,Custom Issue 708,Unexpected SAP system behavior,Configuration or authorization issue,"Review logs, authorization and master data",Correct configuration and retest,Process completed successfully,ZPP0708,ZTAB0708,Critical,pp
ISS0710,WM,Custom Issue 709,Unexpected SAP system behavior,Configuration or authorization issue,"Review logs, authorization and master data",Correct configuration and retest,Process completed successfully,ZWM0709,ZTAB0709,Critical,wm
ISS0711,PP,Custom Issue 710,Unexpected SAP system behavior,Configuration or authorization issue,"Review logs, authorization and master data",Correct configuration and retest,Process completed successfully,ZPP0710,ZTAB0710,High,pp
ISS0712,MM,Custom Issue 711,Unexpected SAP system behavior,Configuration or authorization issue,"Review logs, authorization and master data",Correct configuration and retest,Process completed successfully,ZMM0711,ZTAB0711,Medium,mm
ISS0713,SD,Custom Issue 712,Unexpected SAP system behavior,Configuration or authorization issue,"Review logs, authorization and master data",Correct configuration and retest,Process completed successfully,ZSD0712,ZTAB0712,Medium,sd
ISS0714,QM,Custom Issue 713,Unexpected SAP system behavior,Configuration or authorization issue,"Review logs, authorization and master data",Correct configuration and retest,Process completed successfully,ZQM0713,ZTAB0713,Low,qm
ISS0715,QM,Custom Issue 714,Unexpected SAP system behavior,Configuration or authorization issue,"Review logs, authorization and master data",Correct configuration and retest,Process completed successfully,ZQM0714,ZTAB0714,High,qm
ISS0716,MM,Custom Issue 715,Unexpected SAP system behavior,Configuration or authorization issue,"Review logs, authorization and master data",Correct configuration and retest,Process completed successfully,ZMM0715,ZTAB0715,Medium,mm
ISS0717,WM,Custom Issue 716,Unexpected SAP system behavior,Configuration or authorization issue,"Review logs, authorization and master data",Correct configuration and retest,Process completed successfully,ZWM0716,ZTAB0716,Medium,wm
ISS0718,WM,Custom Issue 717,Unexpected SAP system behavior,Configuration or authorization issue,"Review logs, authorization and master data",Correct configuration and retest,Process completed successfully,ZWM0717,ZTAB0717,High,wm
ISS0719,WM,Custom Issue 718,Unexpected SAP system behavior,Configuration or authorization issue,"Review logs, authorization and master data",Correct configuration and retest,Process completed successfully,ZWM0718,ZTAB0718,Low,wm
ISS0720,PP,Custom Issue 719,Unexpected SAP system behavior,Configuration or authorization issue,"Review logs, authorization and master data",Correct configuration and retest,Process completed successfully,ZPP0719,ZTAB0719,Low,pp
ISS0721,MM,Custom Issue 720,Unexpected SAP system behavior,Configuration or authorization issue,"Review logs, authorization and master data",Correct configuration and retest,Process completed successfully,ZMM0720,ZTAB0720,High,mm
ISS0722,MM,Custom Issue 721,Unexpected SAP system behavior,Configuration or authorization issue,"Review logs, authorization and master data",Correct configuration and retest,Process completed successfully,ZMM0721,ZTAB0721,Low,mm
ISS0723,FI,Custom Issue 722,Unexpected SAP system behavior,Configuration or authorization issue,"Review logs, authorization and master data",Correct configuration and retest,Process completed successfully,ZFI0722,ZTAB0722,Low,fi
ISS0724,SD,Custom Issue 723,Unexpected SAP system behavior,Configuration or authorization issue,"Review logs, authorization and master data",Correct configuration and retest,Process completed successfully,ZSD0723,ZTAB0723,Medium,sd
ISS0725,SD,Custom Issue 724,Unexpected SAP system behavior,Configuration or authorization issue,"Review logs, authorization and master data",Correct configuration and retest,Process completed successfully,ZSD0724,ZTAB0724,Critical,sd
ISS0726,SD,Custom Issue 725,Unexpected SAP system behavior,Configuration or authorization issue,"Review logs, authorization and master data",Correct configuration and retest,Process completed successfully,ZSD0725,ZTAB0725,Critical,sd
ISS0727,WM,Custom Issue 726,Unexpected SAP system behavior,Configuration or authorization issue,"Review logs, authorization and master data",Correct configuration and retest,Process completed successfully,ZWM0726,ZTAB0726,High,wm
ISS0728,QM,Custom Issue 727,Unexpected SAP system behavior,Configuration or authorization issue,"Review logs, authorization and master data",Correct configuration and retest,Process completed successfully,ZQM0727,ZTAB0727,Medium,qm
ISS0729,QM,Custom Issue 728,Unexpected SAP system behavior,Configuration or authorization issue,"Review logs, authorization and master data",Correct configuration and retest,Process completed successfully,ZQM0728,ZTAB0728,High,qm
ISS0730,MM,Custom Issue 729,Unexpected SAP system behavior,Configuration or authorization issue,"Review logs, authorization and master data",Correct configuration and retest,Process completed successfully,ZMM0729,ZTAB0729,Medium,mm
ISS0731,FI,Custom Issue 730,Unexpected SAP system behavior,Configuration or authorization issue,"Review logs, authorization and master data",Correct configuration and retest,Process completed successfully,ZFI0730,ZTAB0730,Medium,fi
ISS0732,WM,Custom Issue 731,Unexpected SAP system behavior,Configuration or authorization issue,"Review logs, authorization and master data",Correct configuration and retest,Process completed successfully,ZWM0731,ZTAB0731,Medium,wm
ISS0733,PP,Custom Issue 732,Unexpected SAP system behavior,Configuration or authorization issue,"Review logs, authorization and master data",Correct configuration and retest,Process completed successfully,ZPP0732,ZTAB0732,Medium,pp
ISS0734,FI,Custom Issue 733,Unexpected SAP system behavior,Configuration or authorization issue,"Review logs, authorization and master data",Correct configuration and retest,Process completed successfully,ZFI0733,ZTAB0733,Critical,fi
ISS0735,WM,Custom Issue 734,Unexpected SAP system behavior,Configuration or authorization issue,"Review logs, authorization and master data",Correct configuration and retest,Process completed successfully,ZWM0734,ZTAB0734,High,wm
ISS0736,WM,Custom Issue 735,Unexpected SAP system behavior,Configuration or authorization issue,"Review logs, authorization and master data",Correct configuration and retest,Process completed successfully,ZWM0735,ZTAB0735,High,wm
ISS0737,MM,Custom Issue 736,Unexpected SAP system behavior,Configuration or authorization issue,"Review logs, authorization and master data",Correct configuration and retest,Process completed successfully,ZMM0736,ZTAB0736,Medium,mm
ISS0738,FI,Custom Issue 737,Unexpected SAP system behavior,Configuration or authorization issue,"Review logs, authorization and master data",Correct configuration and retest,Process completed successfully,ZFI0737,ZTAB0737,Critical,fi
ISS0739,WM,Custom Issue 738,Unexpected SAP system behavior,Configuration or authorization issue,"Review logs, authorization and master data",Correct configuration and retest,Process completed successfully,ZWM0738,ZTAB0738,Medium,wm
ISS0740,SD,Custom Issue 739,Unexpected SAP system behavior,Configuration or authorization issue,"Review logs, authorization and master data",Correct configuration and retest,Process completed successfully,ZSD0739,ZTAB0739,Critical,sd
ISS0741,WM,Custom Issue 740,Unexpected SAP system behavior,Configuration or authorization issue,"Review logs, authorization and master data",Correct configuration and retest,Process completed successfully,ZWM0740,ZTAB0740,Critical,wm
ISS0742,MM,Custom Issue 741,Unexpected SAP system behavior,Configuration or authorization issue,"Review logs, authorization and master data",Correct configuration and retest,Process completed successfully,ZMM0741,ZTAB0741,Medium,mm
ISS0743,QM,Custom Issue 742,Unexpected SAP system behavior,Configuration or authorization issue,"Review logs, authorization and master data",Correct configuration and retest,Process completed successfully,ZQM0742,ZTAB0742,High,qm
ISS0744,WM,Custom Issue 743,Unexpected SAP system behavior,Configuration or authorization issue,"Review logs, authorization and master data",Correct configuration and retest,Process completed successfully,ZWM0743,ZTAB0743,Medium,wm
ISS0745,PP,Custom Issue 744,Unexpected SAP system behavior,Configuration or authorization issue,"Review logs, authorization and master data",Correct configuration and retest,Process completed successfully,ZPP0744,ZTAB0744,High,pp
ISS0746,SD,Custom Issue 745,Unexpected SAP system behavior,Configuration or authorization issue,"Review logs, authorization and master data",Correct configuration and retest,Process completed successfully,ZSD0745,ZTAB0745,Low,sd
ISS0747,PP,Custom Issue 746,Unexpected SAP system behavior,Configuration or authorization issue,"Review logs, authorization and master data",Correct configuration and retest,Process completed successfully,ZPP0746,ZTAB0746,Critical,pp
ISS0748,WM,Custom Issue 747,Unexpected SAP system behavior,Configuration or authorization issue,"Review logs, authorization and master data",Correct configuration and retest,Process completed successfully,ZWM0747,ZTAB0747,Low,wm
ISS0749,WM,Custom Issue 748,Unexpected SAP system behavior,Configuration or authorization issue,"Review logs, authorization and master data",Correct configuration and retest,Process completed successfully,ZWM0748,ZTAB0748,Low,wm
ISS0750,QM,Custom Issue 749,Unexpected SAP system behavior,Configuration or authorization issue,"Review logs, authorization and master data",Correct configuration and retest,Process completed successfully,ZQM0749,ZTAB0749,Critical,qm
ISS0751,SD,Custom Issue 750,Unexpected SAP system behavior,Configuration or authorization issue,"Review logs, authorization and master data",Correct configuration and retest,Process completed successfully,ZSD0750,ZTAB0750,High,sd
ISS0752,WM,Custom Issue 751,Unexpected SAP system behavior,Configuration or authorization issue,"Review logs, authorization and master data",Correct configuration and retest,Process completed successfully,ZWM0751,ZTAB0751,Critical,wm
ISS0753,QM,Custom Issue 752,Unexpected SAP system behavior,Configuration or authorization issue,"Review logs, authorization and master data",Correct configuration and retest,Process completed successfully,ZQM0752,ZTAB0752,High,qm
ISS0754,FI,Custom Issue 753,Unexpected SAP system behavior,Configuration or authorization issue,"Review logs, authorization and master data",Correct configuration and retest,Process completed successfully,ZFI0753,ZTAB0753,Medium,fi
ISS0755,WM,Custom Issue 754,Unexpected SAP system behavior,Configuration or authorization issue,"Review logs, authorization and master data",Correct configuration and retest,Process completed successfully,ZWM0754,ZTAB0754,Low,wm
ISS0756,SD,Custom Issue 755,Unexpected SAP system behavior,Configuration or authorization issue,"Review logs, authorization and master data",Correct configuration and retest,Process completed successfully,ZSD0755,ZTAB0755,High,sd
ISS0757,FI,Custom Issue 756,Unexpected SAP system behavior,Configuration or authorization issue,"Review logs, authorization and master data",Correct configuration and retest,Process completed successfully,ZFI0756,ZTAB0756,Critical,fi
ISS0758,MM,Custom Issue 757,Unexpected SAP system behavior,Configuration or authorization issue,"Review logs, authorization and master data",Correct configuration and retest,Process completed successfully,ZMM0757,ZTAB0757,Medium,mm
ISS0759,QM,Custom Issue 758,Unexpected SAP system behavior,Configuration or authorization issue,"Review logs, authorization and master data",Correct configuration and retest,Process completed successfully,ZQM0758,ZTAB0758,High,qm
ISS0760,QM,Custom Issue 759,Unexpected SAP system behavior,Configuration or authorization issue,"Review logs, authorization and master data",Correct configuration and retest,Process completed successfully,ZQM0759,ZTAB0759,Critical,qm
ISS0761,WM,Custom Issue 760,Unexpected SAP system behavior,Configuration or authorization issue,"Review logs, authorization and master data",Correct configuration and retest,Process completed successfully,ZWM0760,ZTAB0760,Low,wm
ISS0762,FI,Custom Issue 761,Unexpected SAP system behavior,Configuration or authorization issue,"Review logs, authorization and master data",Correct configuration and retest,Process completed successfully,ZFI0761,ZTAB0761,Low,fi
ISS0763,PP,Custom Issue 762,Unexpected SAP system behavior,Configuration or authorization issue,"Review logs, authorization and master data",Correct configuration and retest,Process completed successfully,ZPP0762,ZTAB0762,Medium,pp
ISS0764,WM,Custom Issue 763,Unexpected SAP system behavior,Configuration or authorization issue,"Review logs, authorization and master data",Correct configuration and retest,Process completed successfully,ZWM0763,ZTAB0763,Critical,wm
ISS0765,SD,Custom Issue 764,Unexpected SAP system behavior,Configuration or authorization issue,"Review logs, authorization and master data",Correct configuration and retest,Process completed successfully,ZSD0764,ZTAB0764,Medium,sd
ISS0766,FI,Custom Issue 765,Unexpected SAP system behavior,Configuration or authorization issue,"Review logs, authorization and master data",Correct configuration and retest,Process completed successfully,ZFI0765,ZTAB0765,Critical,fi
ISS0767,WM,Custom Issue 766,Unexpected SAP system behavior,Configuration or authorization issue,"Review logs, authorization and master data",Correct configuration and retest,Process completed successfully,ZWM0766,ZTAB0766,Low,wm
ISS0768,QM,Custom Issue 767,Unexpected SAP system behavior,Configuration or authorization issue,"Review logs, authorization and master data",Correct configuration and retest,Process completed successfully,ZQM0767,ZTAB0767,Low,qm
ISS0769,WM,Custom Issue 768,Unexpected SAP system behavior,Configuration or authorization issue,"Review logs, authorization and master data",Correct configuration and retest,Process completed successfully,ZWM0768,ZTAB0768,High,wm
ISS0770,SD,Custom Issue 769,Unexpected SAP system behavior,Configuration or authorization issue,"Review logs, authorization and master data",Correct configuration and retest,Process completed successfully,ZSD0769,ZTAB0769,Medium,sd
ISS0771,SD,Custom Issue 770,Unexpected SAP system behavior,Configuration or authorization issue,"Review logs, authorization and master data",Correct configuration and retest,Process completed successfully,ZSD0770,ZTAB0770,High,sd
ISS0772,PP,Custom Issue 771,Unexpected SAP system behavior,Configuration or authorization issue,"Review logs, authorization and master data",Correct configuration and retest,Process completed successfully,ZPP0771,ZTAB0771,Critical,pp
ISS0773,MM,Custom Issue 772,Unexpected SAP system behavior,Configuration or authorization issue,"Review logs, authorization and master data",Correct configuration and retest,Process completed successfully,ZMM0772,ZTAB0772,High,mm
ISS0774,WM,Custom Issue 773,Unexpected SAP system behavior,Configuration or authorization issue,"Review logs, authorization and master data",Correct configuration and retest,Process completed successfully,ZWM0773,ZTAB0773,Medium,wm
ISS0775,SD,Custom Issue 774,Unexpected SAP system behavior,Configuration or authorization issue,"Review logs, authorization and master data",Correct configuration and retest,Process completed successfully,ZSD0774,ZTAB0774,Critical,sd
ISS0776,MM,Custom Issue 775,Unexpected SAP system behavior,Configuration or authorization issue,"Review logs, authorization and master data",Correct configuration and retest,Process completed successfully,ZMM0775,ZTAB0775,Critical,mm
ISS0777,QM,Custom Issue 776,Unexpected SAP system behavior,Configuration or authorization issue,"Review logs, authorization and master data",Correct configuration and retest,Process completed successfully,ZQM0776,ZTAB0776,Low,qm
ISS0778,SD,Custom Issue 777,Unexpected SAP system behavior,Configuration or authorization issue,"Review logs, authorization and master data",Correct configuration and retest,Process completed successfully,ZSD0777,ZTAB0777,Medium,sd
ISS0779,WM,Custom Issue 778,Unexpected SAP system behavior,Configuration or authorization issue,"Review logs, authorization and master data",Correct configuration and retest,Process completed successfully,ZWM0778,ZTAB0778,Medium,wm
ISS0780,WM,Custom Issue 779,Unexpected SAP system behavior,Configuration or authorization issue,"Review logs, authorization and master data",Correct configuration and retest,Process completed successfully,ZWM0779,ZTAB0779,Medium,wm
ISS0781,FI,Custom Issue 780,Unexpected SAP system behavior,Configuration or authorization issue,"Review logs, authorization and master data",Correct configuration and retest,Process completed successfully,ZFI0780,ZTAB0780,Low,fi
ISS0782,MM,Custom Issue 781,Unexpected SAP system behavior,Configuration or authorization issue,"Review logs, authorization and master data",Correct configuration and retest,Process completed successfully,ZMM0781,ZTAB0781,Critical,mm
ISS0783,WM,Custom Issue 782,Unexpected SAP system behavior,Configuration or authorization issue,"Review logs, authorization and master data",Correct configuration and retest,Process completed successfully,ZWM0782,ZTAB0782,High,wm
ISS0784,WM,Custom Issue 783,Unexpected SAP system behavior,Configuration or authorization issue,"Review logs, authorization and master data",Correct configuration and retest,Process completed successfully,ZWM0783,ZTAB0783,Critical,wm
ISS0785,PP,Custom Issue 784,Unexpected SAP system behavior,Configuration or authorization issue,"Review logs, authorization and master data",Correct configuration and retest,Process completed successfully,ZPP0784,ZTAB0784,Medium,pp
ISS0786,SD,Custom Issue 785,Unexpected SAP system behavior,Configuration or authorization issue,"Review logs, authorization and master data",Correct configuration and retest,Process completed successfully,ZSD0785,ZTAB0785,Medium,sd
ISS0787,PP,Custom Issue 786,Unexpected SAP system behavior,Configuration or authorization issue,"Review logs, authorization and master data",Correct configuration and retest,Process completed successfully,ZPP0786,ZTAB0786,High,pp
ISS0788,MM,Custom Issue 787,Unexpected SAP system behavior,Configuration or authorization issue,"Review logs, authorization and master data",Correct configuration and retest,Process completed successfully,ZMM0787,ZTAB0787,Critical,mm
ISS0789,WM,Custom Issue 788,Unexpected SAP system behavior,Configuration or authorization issue,"Review logs, authorization and master data",Correct configuration and retest,Process completed successfully,ZWM0788,ZTAB0788,Critical,wm
ISS0790,FI,Custom Issue 789,Unexpected SAP system behavior,Configuration or authorization issue,"Review logs, authorization and master data",Correct configuration and retest,Process completed successfully,ZFI0789,ZTAB0789,Low,fi
ISS0791,WM,Custom Issue 790,Unexpected SAP system behavior,Configuration or authorization issue,"Review logs, authorization and master data",Correct configuration and retest,Process completed successfully,ZWM0790,ZTAB0790,Critical,wm
ISS0792,WM,Custom Issue 791,Unexpected SAP system behavior,Configuration or authorization issue,"Review logs, authorization and master data",Correct configuration and retest,Process completed successfully,ZWM0791,ZTAB0791,High,wm
ISS0793,PP,Custom Issue 792,Unexpected SAP system behavior,Configuration or authorization issue,"Review logs, authorization and master data",Correct configuration and retest,Process completed successfully,ZPP0792,ZTAB0792,Low,pp
ISS0794,QM,Custom Issue 793,Unexpected SAP system behavior,Configuration or authorization issue,"Review logs, authorization and master data",Correct configuration and retest,Process completed successfully,ZQM0793,ZTAB0793,High,qm
ISS0795,PP,Custom Issue 794,Unexpected SAP system behavior,Configuration or authorization issue,"Review logs, authorization and master data",Correct configuration and retest,Process completed successfully,ZPP0794,ZTAB0794,Low,pp
ISS0796,SD,Custom Issue 795,Unexpected SAP system behavior,Configuration or authorization issue,"Review logs, authorization and master data",Correct configuration and retest,Process completed successfully,ZSD0795,ZTAB0795,High,sd
ISS0797,QM,Custom Issue 796,Unexpected SAP system behavior,Configuration or authorization issue,"Review logs, authorization and master data",Correct configuration and retest,Process completed successfully,ZQM0796,ZTAB0796,Low,qm
ISS0798,QM,Custom Issue 797,Unexpected SAP system behavior,Configuration or authorization issue,"Review logs, authorization and master data",Correct configuration and retest,Process completed successfully,ZQM0797,ZTAB0797,Low,qm
ISS0799,FI,Custom Issue 798,Unexpected SAP system behavior,Configuration or authorization issue,"Review logs, authorization and master data",Correct configuration and retest,Process completed successfully,ZFI0798,ZTAB0798,Critical,fi
ISS0800,PP,Custom Issue 799,Unexpected SAP system behavior,Configuration or authorization issue,"Review logs, authorization and master data",Correct configuration and retest,Process completed successfully,ZPP0799,ZTAB0799,High,pp
ISS0801,QM,Custom Issue 800,Unexpected SAP system behavior,Configuration or authorization issue,"Review logs, authorization and master data",Correct configuration and retest,Process completed successfully,ZQM0800,ZTAB0800,Critical,qm
ISS0802,FI,Custom Issue 801,Unexpected SAP system behavior,Configuration or authorization issue,"Review logs, authorization and master data",Correct configuration and retest,Process completed successfully,ZFI0801,ZTAB0801,Medium,fi
ISS0803,PP,Custom Issue 802,Unexpected SAP system behavior,Configuration or authorization issue,"Review logs, authorization and master data",Correct configuration and retest,Process completed successfully,ZPP0802,ZTAB0802,Critical,pp
ISS0804,PP,Custom Issue 803,Unexpected SAP system behavior,Configuration or authorization issue,"Review logs, authorization and master data",Correct configuration and retest,Process completed successfully,ZPP0803,ZTAB0803,Low,pp
ISS0805,FI,Custom Issue 804,Unexpected SAP system behavior,Configuration or authorization issue,"Review logs, authorization and master data",Correct configuration and retest,Process completed successfully,ZFI0804,ZTAB0804,Medium,fi
ISS0806,FI,Custom Issue 805,Unexpected SAP system behavior,Configuration or authorization issue,"Review logs, authorization and master data",Correct configuration and retest,Process completed successfully,ZFI0805,ZTAB0805,High,fi
ISS0807,SD,Custom Issue 806,Unexpected SAP system behavior,Configuration or authorization issue,"Review logs, authorization and master data",Correct configuration and retest,Process completed successfully,ZSD0806,ZTAB0806,High,sd
ISS0808,QM,Custom Issue 807,Unexpected SAP system behavior,Configuration or authorization issue,"Review logs, authorization and master data",Correct configuration and retest,Process completed successfully,ZQM0807,ZTAB0807,Critical,qm
ISS0809,SD,Custom Issue 808,Unexpected SAP system behavior,Configuration or authorization issue,"Review logs, authorization and master data",Correct configuration and retest,Process completed successfully,ZSD0808,ZTAB0808,Critical,sd
ISS0810,QM,Custom Issue 809,Unexpected SAP system behavior,Configuration or authorization issue,"Review logs, authorization and master data",Correct configuration and retest,Process completed successfully,ZQM0809,ZTAB0809,Medium,qm
ISS0811,FI,Custom Issue 810,Unexpected SAP system behavior,Configuration or authorization issue,"Review logs, authorization and master data",Correct configuration and retest,Process completed successfully,ZFI0810,ZTAB0810,Medium,fi
ISS0812,QM,Custom Issue 811,Unexpected SAP system behavior,Configuration or authorization issue,"Review logs, authorization and master data",Correct configuration and retest,Process completed successfully,ZQM0811,ZTAB0811,Critical,qm
ISS0813,QM,Custom Issue 812,Unexpected SAP system behavior,Configuration or authorization issue,"Review logs, authorization and master data",Correct configuration and retest,Process completed successfully,ZQM0812,ZTAB0812,High,qm
ISS0814,PP,Custom Issue 813,Unexpected SAP system behavior,Configuration or authorization issue,"Review logs, authorization and master data",Correct configuration and retest,Process completed successfully,ZPP0813,ZTAB0813,Medium,pp
ISS0815,WM,Custom Issue 814,Unexpected SAP system behavior,Configuration or authorization issue,"Review logs, authorization and master data",Correct configuration and retest,Process completed successfully,ZWM0814,ZTAB0814,Medium,wm
ISS0816,PP,Custom Issue 815,Unexpected SAP system behavior,Configuration or authorization issue,"Review logs, authorization and master data",Correct configuration and retest,Process completed successfully,ZPP0815,ZTAB0815,Critical,pp
ISS0817,SD,Custom Issue 816,Unexpected SAP system behavior,Configuration or authorization issue,"Review logs, authorization and master data",Correct configuration and retest,Process completed successfully,ZSD0816,ZTAB0816,Medium,sd
ISS0818,QM,Custom Issue 817,Unexpected SAP system behavior,Configuration or authorization issue,"Review logs, authorization and master data",Correct configuration and retest,Process completed successfully,ZQM0817,ZTAB0817,Critical,qm
ISS0819,WM,Custom Issue 818,Unexpected SAP system behavior,Configuration or authorization issue,"Review logs, authorization and master data",Correct configuration and retest,Process completed successfully,ZWM0818,ZTAB0818,High,wm
ISS0820,SD,Custom Issue 819,Unexpected SAP system behavior,Configuration or authorization issue,"Review logs, authorization and master data",Correct configuration and retest,Process completed successfully,ZSD0819,ZTAB0819,Critical,sd
ISS0821,PP,Custom Issue 820,Unexpected SAP system behavior,Configuration or authorization issue,"Review logs, authorization and master data",Correct configuration and retest,Process completed successfully,ZPP0820,ZTAB0820,Critical,pp
ISS0822,FI,Custom Issue 821,Unexpected SAP system behavior,Configuration or authorization issue,"Review logs, authorization and master data",Correct configuration and retest,Process completed successfully,ZFI0821,ZTAB0821,Low,fi
ISS0823,SD,Custom Issue 822,Unexpected SAP system behavior,Configuration or authorization issue,"Review logs, authorization and master data",Correct configuration and retest,Process completed successfully,ZSD0822,ZTAB0822,Medium,sd
ISS0824,FI,Custom Issue 823,Unexpected SAP system behavior,Configuration or authorization issue,"Review logs, authorization and master data",Correct configuration and retest,Process completed successfully,ZFI0823,ZTAB0823,Low,fi
ISS0825,SD,Custom Issue 824,Unexpected SAP system behavior,Configuration or authorization issue,"Review logs, authorization and master data",Correct configuration and retest,Process completed successfully,ZSD0824,ZTAB0824,High,sd
ISS0826,FI,Custom Issue 825,Unexpected SAP system behavior,Configuration or authorization issue,"Review logs, authorization and master data",Correct configuration and retest,Process completed successfully,ZFI0825,ZTAB0825,Critical,fi
ISS0827,MM,Custom Issue 826,Unexpected SAP system behavior,Configuration or authorization issue,"Review logs, authorization and master data",Correct configuration and retest,Process completed successfully,ZMM0826,ZTAB0826,High,mm
ISS0828,FI,Custom Issue 827,Unexpected SAP system behavior,Configuration or authorization issue,"Review logs, authorization and master data",Correct configuration and retest,Process completed successfully,ZFI0827,ZTAB0827,Low,fi
ISS0829,WM,Custom Issue 828,Unexpected SAP system behavior,Configuration or authorization issue,"Review logs, authorization and master data",Correct configuration and retest,Process completed successfully,ZWM0828,ZTAB0828,High,wm
ISS0830,SD,Custom Issue 829,Unexpected SAP system behavior,Configuration or authorization issue,"Review logs, authorization and master data",Correct configuration and retest,Process completed successfully,ZSD0829,ZTAB0829,Medium,sd
ISS0831,SD,Custom Issue 830,Unexpected SAP system behavior,Configuration or authorization issue,"Review logs, authorization and master data",Correct configuration and retest,Process completed successfully,ZSD0830,ZTAB0830,Medium,sd
ISS0832,WM,Custom Issue 831,Unexpected SAP system behavior,Configuration or authorization issue,"Review logs, authorization and master data",Correct configuration and retest,Process completed successfully,ZWM0831,ZTAB0831,Low,wm
ISS0833,MM,Custom Issue 832,Unexpected SAP system behavior,Configuration or authorization issue,"Review logs, authorization and master data",Correct configuration and retest,Process completed successfully,ZMM0832,ZTAB0832,Critical,mm
ISS0834,WM,Custom Issue 833,Unexpected SAP system behavior,Configuration or authorization issue,"Review logs, authorization and master data",Correct configuration and retest,Process completed successfully,ZWM0833,ZTAB0833,Medium,wm
ISS0835,WM,Custom Issue 834,Unexpected SAP system behavior,Configuration or authorization issue,"Review logs, authorization and master data",Correct configuration and retest,Process completed successfully,ZWM0834,ZTAB0834,Critical,wm
ISS0836,MM,Custom Issue 835,Unexpected SAP system behavior,Configuration or authorization issue,"Review logs, authorization and master data",Correct configuration and retest,Process completed successfully,ZMM0835,ZTAB0835,Critical,mm
ISS0837,QM,Custom Issue 836,Unexpected SAP system behavior,Configuration or authorization issue,"Review logs, authorization and master data",Correct configuration and retest,Process completed successfully,ZQM0836,ZTAB0836,Critical,qm
ISS0838,WM,Custom Issue 837,Unexpected SAP system behavior,Configuration or authorization issue,"Review logs, authorization and master data",Correct configuration and retest,Process completed successfully,ZWM0837,ZTAB0837,Critical,wm
ISS0839,SD,Custom Issue 838,Unexpected SAP system behavior,Configuration or authorization issue,"Review logs, authorization and master data",Correct configuration and retest,Process completed successfully,ZSD0838,ZTAB0838,High,sd
ISS0840,FI,Custom Issue 839,Unexpected SAP system behavior,Configuration or authorization issue,"Review logs, authorization and master data",Correct configuration and retest,Process completed successfully,ZFI0839,ZTAB0839,Medium,fi
ISS0841,PP,Custom Issue 840,Unexpected SAP system behavior,Configuration or authorization issue,"Review logs, authorization and master data",Correct configuration and retest,Process completed successfully,ZPP0840,ZTAB0840,Medium,pp
ISS0842,FI,Custom Issue 841,Unexpected SAP system behavior,Configuration or authorization issue,"Review logs, authorization and master data",Correct configuration and retest,Process completed successfully,ZFI0841,ZTAB0841,Low,fi
ISS0843,MM,Custom Issue 842,Unexpected SAP system behavior,Configuration or authorization issue,"Review logs, authorization and master data",Correct configuration and retest,Process completed successfully,ZMM0842,ZTAB0842,High,mm
ISS0844,SD,Custom Issue 843,Unexpected SAP system behavior,Configuration or authorization issue,"Review logs, authorization and master data",Correct configuration and retest,Process completed successfully,ZSD0843,ZTAB0843,High,sd
ISS0845,PP,Custom Issue 844,Unexpected SAP system behavior,Configuration or authorization issue,"Review logs, authorization and master data",Correct configuration and retest,Process completed successfully,ZPP0844,ZTAB0844,Critical,pp
ISS0846,MM,Custom Issue 845,Unexpected SAP system behavior,Configuration or authorization issue,"Review logs, authorization and master data",Correct configuration and retest,Process completed successfully,ZMM0845,ZTAB0845,High,mm
ISS0847,WM,Custom Issue 846,Unexpected SAP system behavior,Configuration or authorization issue,"Review logs, authorization and master data",Correct configuration and retest,Process completed successfully,ZWM0846,ZTAB0846,Medium,wm
ISS0848,MM,Custom Issue 847,Unexpected SAP system behavior,Configuration or authorization issue,"Review logs, authorization and master data",Correct configuration and retest,Process completed successfully,ZMM0847,ZTAB0847,Critical,mm
ISS0849,MM,Custom Issue 848,Unexpected SAP system behavior,Configuration or authorization issue,"Review logs, authorization and master data",Correct configuration and retest,Process completed successfully,ZMM0848,ZTAB0848,Critical,mm
ISS0850,FI,Custom Issue 849,Unexpected SAP system behavior,Configuration or authorization issue,"Review logs, authorization and master data",Correct configuration and retest,Process completed successfully,ZFI0849,ZTAB0849,Critical,fi
ISS0851,WM,Custom Issue 850,Unexpected SAP system behavior,Configuration or authorization issue,"Review logs, authorization and master data",Correct configuration and retest,Process completed successfully,ZWM0850,ZTAB0850,Low,wm
ISS0852,PP,Custom Issue 851,Unexpected SAP system behavior,Configuration or authorization issue,"Review logs, authorization and master data",Correct configuration and retest,Process completed successfully,ZPP0851,ZTAB0851,Low,pp
ISS0853,PP,Custom Issue 852,Unexpected SAP system behavior,Configuration or authorization issue,"Review logs, authorization and master data",Correct configuration and retest,Process completed successfully,ZPP0852,ZTAB0852,High,pp
ISS0854,QM,Custom Issue 853,Unexpected SAP system behavior,Configuration or authorization issue,"Review logs, authorization and master data",Correct configuration and retest,Process completed successfully,ZQM0853,ZTAB0853,Low,qm
ISS0855,QM,Custom Issue 854,Unexpected SAP system behavior,Configuration or authorization issue,"Review logs, authorization and master data",Correct configuration and retest,Process completed successfully,ZQM0854,ZTAB0854,Critical,qm
ISS0856,MM,Custom Issue 855,Unexpected SAP system behavior,Configuration or authorization issue,"Review logs, authorization and master data",Correct configuration and retest,Process completed successfully,ZMM0855,ZTAB0855,Medium,mm
ISS0857,FI,Custom Issue 856,Unexpected SAP system behavior,Configuration or authorization issue,"Review logs, authorization and master data",Correct configuration and retest,Process completed successfully,ZFI0856,ZTAB0856,Low,fi
ISS0858,SD,Custom Issue 857,Unexpected SAP system behavior,Configuration or authorization issue,"Review logs, authorization and master data",Correct configuration and retest,Process completed successfully,ZSD0857,ZTAB0857,High,sd
ISS0859,WM,Custom Issue 858,Unexpected SAP system behavior,Configuration or authorization issue,"Review logs, authorization and master data",Correct configuration and retest,Process completed successfully,ZWM0858,ZTAB0858,High,wm
ISS0860,PP,Custom Issue 859,Unexpected SAP system behavior,Configuration or authorization issue,"Review logs, authorization and master data",Correct configuration and retest,Process completed successfully,ZPP0859,ZTAB0859,Medium,pp
ISS0861,MM,Custom Issue 860,Unexpected SAP system behavior,Configuration or authorization issue,"Review logs, authorization and master data",Correct configuration and retest,Process completed successfully,ZMM0860,ZTAB0860,Low,mm
ISS0862,MM,Custom Issue 861,Unexpected SAP system behavior,Configuration or authorization issue,"Review logs, authorization and master data",Correct configuration and retest,Process completed successfully,ZMM0861,ZTAB0861,Low,mm
ISS0863,PP,Custom Issue 862,Unexpected SAP system behavior,Configuration or authorization issue,"Review logs, authorization and master data",Correct configuration and retest,Process completed successfully,ZPP0862,ZTAB0862,Critical,pp
ISS0864,PP,Custom Issue 863,Unexpected SAP system behavior,Configuration or authorization issue,"Review logs, authorization and master data",Correct configuration and retest,Process completed successfully,ZPP0863,ZTAB0863,Critical,pp
ISS0865,MM,Custom Issue 864,Unexpected SAP system behavior,Configuration or authorization issue,"Review logs, authorization and master data",Correct configuration and retest,Process completed successfully,ZMM0864,ZTAB0864,Medium,mm
ISS0866,WM,Custom Issue 865,Unexpected SAP system behavior,Configuration or authorization issue,"Review logs, authorization and master data",Correct configuration and retest,Process completed successfully,ZWM0865,ZTAB0865,Medium,wm
ISS0867,QM,Custom Issue 866,Unexpected SAP system behavior,Configuration or authorization issue,"Review logs, authorization and master data",Correct configuration and retest,Process completed successfully,ZQM0866,ZTAB0866,Medium,qm
ISS0868,MM,Custom Issue 867,Unexpected SAP system behavior,Configuration or authorization issue,"Review logs, authorization and master data",Correct configuration and retest,Process completed successfully,ZMM0867,ZTAB0867,Low,mm
ISS0869,SD,Custom Issue 868,Unexpected SAP system behavior,Configuration or authorization issue,"Review logs, authorization and master data",Correct configuration and retest,Process completed successfully,ZSD0868,ZTAB0868,Medium,sd
ISS0870,WM,Custom Issue 869,Unexpected SAP system behavior,Configuration or authorization issue,"Review logs, authorization and master data",Correct configuration and retest,Process completed successfully,ZWM0869,ZTAB0869,Medium,wm
ISS0871,FI,Custom Issue 870,Unexpected SAP system behavior,Configuration or authorization issue,"Review logs, authorization and master data",Correct configuration and retest,Process completed successfully,ZFI0870,ZTAB0870,Medium,fi
ISS0872,PP,Custom Issue 871,Unexpected SAP system behavior,Configuration or authorization issue,"Review logs, authorization and master data",Correct configuration and retest,Process completed successfully,ZPP0871,ZTAB0871,High,pp
ISS0873,PP,Custom Issue 872,Unexpected SAP system behavior,Configuration or authorization issue,"Review logs, authorization and master data",Correct configuration and retest,Process completed successfully,ZPP0872,ZTAB0872,Medium,pp
ISS0874,QM,Custom Issue 873,Unexpected SAP system behavior,Configuration or authorization issue,"Review logs, authorization and master data",Correct configuration and retest,Process completed successfully,ZQM0873,ZTAB0873,Critical,qm
ISS0875,MM,Custom Issue 874,Unexpected SAP system behavior,Configuration or authorization issue,"Review logs, authorization and master data",Correct configuration and retest,Process completed successfully,ZMM0874,ZTAB0874,Low,mm
ISS0876,PP,Custom Issue 875,Unexpected SAP system behavior,Configuration or authorization issue,"Review logs, authorization and master data",Correct configuration and retest,Process completed successfully,ZPP0875,ZTAB0875,Critical,pp
ISS0877,WM,Custom Issue 876,Unexpected SAP system behavior,Configuration or authorization issue,"Review logs, authorization and master data",Correct configuration and retest,Process completed successfully,ZWM0876,ZTAB0876,Critical,wm
ISS0878,SD,Custom Issue 877,Unexpected SAP system behavior,Configuration or authorization issue,"Review logs, authorization and master data",Correct configuration and retest,Process completed successfully,ZSD0877,ZTAB0877,Critical,sd
ISS0879,WM,Custom Issue 878,Unexpected SAP system behavior,Configuration or authorization issue,"Review logs, authorization and master data",Correct configuration and retest,Process completed successfully,ZWM0878,ZTAB0878,High,wm
ISS0880,WM,Custom Issue 879,Unexpected SAP system behavior,Configuration or authorization issue,"Review logs, authorization and master data",Correct configuration and retest,Process completed successfully,ZWM0879,ZTAB0879,High,wm
ISS0881,PP,Custom Issue 880,Unexpected SAP system behavior,Configuration or authorization issue,"Review logs, authorization and master data",Correct configuration and retest,Process completed successfully,ZPP0880,ZTAB0880,High,pp
ISS0882,QM,Custom Issue 881,Unexpected SAP system behavior,Configuration or authorization issue,"Review logs, authorization and master data",Correct configuration and retest,Process completed successfully,ZQM0881,ZTAB0881,Low,qm
ISS0883,SD,Custom Issue 882,Unexpected SAP system behavior,Configuration or authorization issue,"Review logs, authorization and master data",Correct configuration and retest,Process completed successfully,ZSD0882,ZTAB0882,High,sd
ISS0884,SD,Custom Issue 883,Unexpected SAP system behavior,Configuration or authorization issue,"Review logs, authorization and master data",Correct configuration and retest,Process completed successfully,ZSD0883,ZTAB0883,Critical,sd
ISS0885,QM,Custom Issue 884,Unexpected SAP system behavior,Configuration or authorization issue,"Review logs, authorization and master data",Correct configuration and retest,Process completed successfully,ZQM0884,ZTAB0884,Low,qm
ISS0886,QM,Custom Issue 885,Unexpected SAP system behavior,Configuration or authorization issue,"Review logs, authorization and master data",Correct configuration and retest,Process completed successfully,ZQM0885,ZTAB0885,Medium,qm
ISS0887,QM,Custom Issue 886,Unexpected SAP system behavior,Configuration or authorization issue,"Review logs, authorization and master data",Correct configuration and retest,Process completed successfully,ZQM0886,ZTAB0886,Medium,qm
ISS0888,MM,Custom Issue 887,Unexpected SAP system behavior,Configuration or authorization issue,"Review logs, authorization and master data",Correct configuration and retest,Process completed successfully,ZMM0887,ZTAB0887,Medium,mm
ISS0889,WM,Custom Issue 888,Unexpected SAP system behavior,Configuration or authorization issue,"Review logs, authorization and master data",Correct configuration and retest,Process completed successfully,ZWM0888,ZTAB0888,High,wm
ISS0890,FI,Custom Issue 889,Unexpected SAP system behavior,Configuration or authorization issue,"Review logs, authorization and master data",Correct configuration and retest,Process completed successfully,ZFI0889,ZTAB0889,Critical,fi
ISS0891,WM,Custom Issue 890,Unexpected SAP system behavior,Configuration or authorization issue,"Review logs, authorization and master data",Correct configuration and retest,Process completed successfully,ZWM0890,ZTAB0890,High,wm
ISS0892,PP,Custom Issue 891,Unexpected SAP system behavior,Configuration or authorization issue,"Review logs, authorization and master data",Correct configuration and retest,Process completed successfully,ZPP0891,ZTAB0891,Low,pp
ISS0893,SD,Custom Issue 892,Unexpected SAP system behavior,Configuration or authorization issue,"Review logs, authorization and master data",Correct configuration and retest,Process completed successfully,ZSD0892,ZTAB0892,Critical,sd
ISS0894,MM,Custom Issue 893,Unexpected SAP system behavior,Configuration or authorization issue,"Review logs, authorization and master data",Correct configuration and retest,Process completed successfully,ZMM0893,ZTAB0893,Critical,mm
ISS0895,FI,Custom Issue 894,Unexpected SAP system behavior,Configuration or authorization issue,"Review logs, authorization and master data",Correct configuration and retest,Process completed successfully,ZFI0894,ZTAB0894,Low,fi
ISS0896,QM,Custom Issue 895,Unexpected SAP system behavior,Configuration or authorization issue,"Review logs, authorization and master data",Correct configuration and retest,Process completed successfully,ZQM0895,ZTAB0895,Low,qm
ISS0897,MM,Custom Issue 896,Unexpected SAP system behavior,Configuration or authorization issue,"Review logs, authorization and master data",Correct configuration and retest,Process completed successfully,ZMM0896,ZTAB0896,Critical,mm
ISS0898,PP,Custom Issue 897,Unexpected SAP system behavior,Configuration or authorization issue,"Review logs, authorization and master data",Correct configuration and retest,Process completed successfully,ZPP0897,ZTAB0897,Low,pp
ISS0899,WM,Custom Issue 898,Unexpected SAP system behavior,Configuration or authorization issue,"Review logs, authorization and master data",Correct configuration and retest,Process completed successfully,ZWM0898,ZTAB0898,Medium,wm
ISS0900,PP,Custom Issue 899,Unexpected SAP system behavior,Configuration or authorization issue,"Review logs, authorization and master data",Correct configuration and retest,Process completed successfully,ZPP0899,ZTAB0899,Medium,pp
ISS0901,FI,Custom Issue 900,Unexpected SAP system behavior,Configuration or authorization issue,"Review logs, authorization and master data",Correct configuration and retest,Process completed successfully,ZFI0900,ZTAB0900,High,fi
ISS0902,QM,Custom Issue 901,Unexpected SAP system behavior,Configuration or authorization issue,"Review logs, authorization and master data",Correct configuration and retest,Process completed successfully,ZQM0901,ZTAB0901,Medium,qm
ISS0903,QM,Custom Issue 902,Unexpected SAP system behavior,Configuration or authorization issue,"Review logs, authorization and master data",Correct configuration and retest,Process completed successfully,ZQM0902,ZTAB0902,High,qm
ISS0904,PP,Custom Issue 903,Unexpected SAP system behavior,Configuration or authorization issue,"Review logs, authorization and master data",Correct configuration and retest,Process completed successfully,ZPP0903,ZTAB0903,Low,pp
ISS0905,QM,Custom Issue 904,Unexpected SAP system behavior,Configuration or authorization issue,"Review logs, authorization and master data",Correct configuration and retest,Process completed successfully,ZQM0904,ZTAB0904,Critical,qm
ISS0906,FI,Custom Issue 905,Unexpected SAP system behavior,Configuration or authorization issue,"Review logs, authorization and master data",Correct configuration and retest,Process completed successfully,ZFI0905,ZTAB0905,Medium,fi
ISS0907,QM,Custom Issue 906,Unexpected SAP system behavior,Configuration or authorization issue,"Review logs, authorization and master data",Correct configuration and retest,Process completed successfully,ZQM0906,ZTAB0906,Critical,qm
ISS0908,SD,Custom Issue 907,Unexpected SAP system behavior,Configuration or authorization issue,"Review logs, authorization and master data",Correct configuration and retest,Process completed successfully,ZSD0907,ZTAB0907,High,sd
ISS0909,WM,Custom Issue 908,Unexpected SAP system behavior,Configuration or authorization issue,"Review logs, authorization and master data",Correct configuration and retest,Process completed successfully,ZWM0908,ZTAB0908,High,wm
ISS0910,PP,Custom Issue 909,Unexpected SAP system behavior,Configuration or authorization issue,"Review logs, authorization and master data",Correct configuration and retest,Process completed successfully,ZPP0909,ZTAB0909,Medium,pp
ISS0911,FI,Custom Issue 910,Unexpected SAP system behavior,Configuration or authorization issue,"Review logs, authorization and master data",Correct configuration and retest,Process completed successfully,ZFI0910,ZTAB0910,Medium,fi
ISS0912,WM,Custom Issue 911,Unexpected SAP system behavior,Configuration or authorization issue,"Review logs, authorization and master data",Correct configuration and retest,Process completed successfully,ZWM0911,ZTAB0911,High,wm
ISS0913,SD,Custom Issue 912,Unexpected SAP system behavior,Configuration or authorization issue,"Review logs, authorization and master data",Correct configuration and retest,Process completed successfully,ZSD0912,ZTAB0912,Medium,sd
ISS0914,MM,Custom Issue 913,Unexpected SAP system behavior,Configuration or authorization issue,"Review logs, authorization and master data",Correct configuration and retest,Process completed successfully,ZMM0913,ZTAB0913,Low,mm
ISS0915,SD,Custom Issue 914,Unexpected SAP system behavior,Configuration or authorization issue,"Review logs, authorization and master data",Correct configuration and retest,Process completed successfully,ZSD0914,ZTAB0914,Low,sd
ISS0916,MM,Custom Issue 915,Unexpected SAP system behavior,Configuration or authorization issue,"Review logs, authorization and master data",Correct configuration and retest,Process completed successfully,ZMM0915,ZTAB0915,High,mm
ISS0917,QM,Custom Issue 916,Unexpected SAP system behavior,Configuration or authorization issue,"Review logs, authorization and master data",Correct configuration and retest,Process completed successfully,ZQM0916,ZTAB0916,Low,qm
ISS0918,FI,Custom Issue 917,Unexpected SAP system behavior,Configuration or authorization issue,"Review logs, authorization and master data",Correct configuration and retest,Process completed successfully,ZFI0917,ZTAB0917,Low,fi
ISS0919,SD,Custom Issue 918,Unexpected SAP system behavior,Configuration or authorization issue,"Review logs, authorization and master data",Correct configuration and retest,Process completed successfully,ZSD0918,ZTAB0918,Critical,sd
ISS0920,MM,Custom Issue 919,Unexpected SAP system behavior,Configuration or authorization issue,"Review logs, authorization and master data",Correct configuration and retest,Process completed successfully,ZMM0919,ZTAB0919,Medium,mm
ISS0921,PP,Custom Issue 920,Unexpected SAP system behavior,Configuration or authorization issue,"Review logs, authorization and master data",Correct configuration and retest,Process completed successfully,ZPP0920,ZTAB0920,High,pp
ISS0922,SD,Custom Issue 921,Unexpected SAP system behavior,Configuration or authorization issue,"Review logs, authorization and master data",Correct configuration and retest,Process completed successfully,ZSD0921,ZTAB0921,Critical,sd
ISS0923,MM,Custom Issue 922,Unexpected SAP system behavior,Configuration or authorization issue,"Review logs, authorization and master data",Correct configuration and retest,Process completed successfully,ZMM0922,ZTAB0922,Low,mm
ISS0924,FI,Custom Issue 923,Unexpected SAP system behavior,Configuration or authorization issue,"Review logs, authorization and master data",Correct configuration and retest,Process completed successfully,ZFI0923,ZTAB0923,Critical,fi
ISS0925,PP,Custom Issue 924,Unexpected SAP system behavior,Configuration or authorization issue,"Review logs, authorization and master data",Correct configuration and retest,Process completed successfully,ZPP0924,ZTAB0924,High,pp
ISS0926,FI,Custom Issue 925,Unexpected SAP system behavior,Configuration or authorization issue,"Review logs, authorization and master data",Correct configuration and retest,Process completed successfully,ZFI0925,ZTAB0925,Critical,fi
ISS0927,PP,Custom Issue 926,Unexpected SAP system behavior,Configuration or authorization issue,"Review logs, authorization and master data",Correct configuration and retest,Process completed successfully,ZPP0926,ZTAB0926,High,pp
ISS0928,PP,Custom Issue 927,Unexpected SAP system behavior,Configuration or authorization issue,"Review logs, authorization and master data",Correct configuration and retest,Process completed successfully,ZPP0927,ZTAB0927,Low,pp
ISS0929,MM,Custom Issue 928,Unexpected SAP system behavior,Configuration or authorization issue,"Review logs, authorization and master data",Correct configuration and retest,Process completed successfully,ZMM0928,ZTAB0928,Medium,mm
ISS0930,WM,Custom Issue 929,Unexpected SAP system behavior,Configuration or authorization issue,"Review logs, authorization and master data",Correct configuration and retest,Process completed successfully,ZWM0929,ZTAB0929,High,wm
ISS0931,FI,Custom Issue 930,Unexpected SAP system behavior,Configuration or authorization issue,"Review logs, authorization and master data",Correct configuration and retest,Process completed successfully,ZFI0930,ZTAB0930,Medium,fi
ISS0932,SD,Custom Issue 931,Unexpected SAP system behavior,Configuration or authorization issue,"Review logs, authorization and master data",Correct configuration and retest,Process completed successfully,ZSD0931,ZTAB0931,Medium,sd
ISS0933,MM,Custom Issue 932,Unexpected SAP system behavior,Configuration or authorization issue,"Review logs, authorization and master data",Correct configuration and retest,Process completed successfully,ZMM0932,ZTAB0932,High,mm
ISS0934,FI,Custom Issue 933,Unexpected SAP system behavior,Configuration or authorization issue,"Review logs, authorization and master data",Correct configuration and retest,Process completed successfully,ZFI0933,ZTAB0933,Medium,fi
ISS0935,FI,Custom Issue 934,Unexpected SAP system behavior,Configuration or authorization issue,"Review logs, authorization and master data",Correct configuration and retest,Process completed successfully,ZFI0934,ZTAB0934,Low,fi
ISS0936,MM,Custom Issue 935,Unexpected SAP system behavior,Configuration or authorization issue,"Review logs, authorization and master data",Correct configuration and retest,Process completed successfully,ZMM0935,ZTAB0935,Critical,mm
ISS0937,MM,Custom Issue 936,Unexpected SAP system behavior,Configuration or authorization issue,"Review logs, authorization and master data",Correct configuration and retest,Process completed successfully,ZMM0936,ZTAB0936,Medium,mm
ISS0938,WM,Custom Issue 937,Unexpected SAP system behavior,Configuration or authorization issue,"Review logs, authorization and master data",Correct configuration and retest,Process completed successfully,ZWM0937,ZTAB0937,Low,wm
ISS0939,FI,Custom Issue 938,Unexpected SAP system behavior,Configuration or authorization issue,"Review logs, authorization and master data",Correct configuration and retest,Process completed successfully,ZFI0938,ZTAB0938,Medium,fi
ISS0940,MM,Custom Issue 939,Unexpected SAP system behavior,Configuration or authorization issue,"Review logs, authorization and master data",Correct configuration and retest,Process completed successfully,ZMM0939,ZTAB0939,Medium,mm
ISS0941,QM,Custom Issue 940,Unexpected SAP system behavior,Configuration or authorization issue,"Review logs, authorization and master data",Correct configuration and retest,Process completed successfully,ZQM0940,ZTAB0940,Critical,qm
ISS0942,MM,Custom Issue 941,Unexpected SAP system behavior,Configuration or authorization issue,"Review logs, authorization and master data",Correct configuration and retest,Process completed successfully,ZMM0941,ZTAB0941,Medium,mm
ISS0943,PP,Custom Issue 942,Unexpected SAP system behavior,Configuration or authorization issue,"Review logs, authorization and master data",Correct configuration and retest,Process completed successfully,ZPP0942,ZTAB0942,High,pp
ISS0944,MM,Custom Issue 943,Unexpected SAP system behavior,Configuration or authorization issue,"Review logs, authorization and master data",Correct configuration and retest,Process completed successfully,ZMM0943,ZTAB0943,Medium,mm
ISS0945,QM,Custom Issue 944,Unexpected SAP system behavior,Configuration or authorization issue,"Review logs, authorization and master data",Correct configuration and retest,Process completed successfully,ZQM0944,ZTAB0944,Critical,qm
ISS0946,FI,Custom Issue 945,Unexpected SAP system behavior,Configuration or authorization issue,"Review logs, authorization and master data",Correct configuration and retest,Process completed successfully,ZFI0945,ZTAB0945,Medium,fi
ISS0947,MM,Custom Issue 946,Unexpected SAP system behavior,Configuration or authorization issue,"Review logs, authorization and master data",Correct configuration and retest,Process completed successfully,ZMM0946,ZTAB0946,High,mm
ISS0948,MM,Custom Issue 947,Unexpected SAP system behavior,Configuration or authorization issue,"Review logs, authorization and master data",Correct configuration and retest,Process completed successfully,ZMM0947,ZTAB0947,Critical,mm
ISS0949,PP,Custom Issue 948,Unexpected SAP system behavior,Configuration or authorization issue,"Review logs, authorization and master data",Correct configuration and retest,Process completed successfully,ZPP0948,ZTAB0948,Critical,pp
ISS0950,FI,Custom Issue 949,Unexpected SAP system behavior,Configuration or authorization issue,"Review logs, authorization and master data",Correct configuration and retest,Process completed successfully,ZFI0949,ZTAB0949,Low,fi
ISS0951,FI,Custom Issue 950,Unexpected SAP system behavior,Configuration or authorization issue,"Review logs, authorization and master data",Correct configuration and retest,Process completed successfully,ZFI0950,ZTAB0950,High,fi
ISS0952,WM,Custom Issue 951,Unexpected SAP system behavior,Configuration or authorization issue,"Review logs, authorization and master data",Correct configuration and retest,Process completed successfully,ZWM0951,ZTAB0951,Critical,wm
ISS0953,PP,Custom Issue 952,Unexpected SAP system behavior,Configuration or authorization issue,"Review logs, authorization and master data",Correct configuration and retest,Process completed successfully,ZPP0952,ZTAB0952,Low,pp
ISS0954,WM,Custom Issue 953,Unexpected SAP system behavior,Configuration or authorization issue,"Review logs, authorization and master data",Correct configuration and retest,Process completed successfully,ZWM0953,ZTAB0953,Medium,wm
ISS0955,WM,Custom Issue 954,Unexpected SAP system behavior,Configuration or authorization issue,"Review logs, authorization and master data",Correct configuration and retest,Process completed successfully,ZWM0954,ZTAB0954,Low,wm
ISS0956,FI,Custom Issue 955,Unexpected SAP system behavior,Configuration or authorization issue,"Review logs, authorization and master data",Correct configuration and retest,Process completed successfully,ZFI0955,ZTAB0955,Low,fi
ISS0957,SD,Custom Issue 956,Unexpected SAP system behavior,Configuration or authorization issue,"Review logs, authorization and master data",Correct configuration and retest,Process completed successfully,ZSD0956,ZTAB0956,Low,sd
ISS0958,SD,Custom Issue 957,Unexpected SAP system behavior,Configuration or authorization issue,"Review logs, authorization and master data",Correct configuration and retest,Process completed successfully,ZSD0957,ZTAB0957,Critical,sd
ISS0959,WM,Custom Issue 958,Unexpected SAP system behavior,Configuration or authorization issue,"Review logs, authorization and master data",Correct configuration and retest,Process completed successfully,ZWM0958,ZTAB0958,Critical,wm
ISS0960,SD,Custom Issue 959,Unexpected SAP system behavior,Configuration or authorization issue,"Review logs, authorization and master data",Correct configuration and retest,Process completed successfully,ZSD0959,ZTAB0959,Medium,sd
ISS0961,PP,Custom Issue 960,Unexpected SAP system behavior,Configuration or authorization issue,"Review logs, authorization and master data",Correct configuration and retest,Process completed successfully,ZPP0960,ZTAB0960,High,pp
ISS0962,PP,Custom Issue 961,Unexpected SAP system behavior,Configuration or authorization issue,"Review logs, authorization and master data",Correct configuration and retest,Process completed successfully,ZPP0961,ZTAB0961,Medium,pp
ISS0963,QM,Custom Issue 962,Unexpected SAP system behavior,Configuration or authorization issue,"Review logs, authorization and master data",Correct configuration and retest,Process completed successfully,ZQM0962,ZTAB0962,High,qm
ISS0964,PP,Custom Issue 963,Unexpected SAP system behavior,Configuration or authorization issue,"Review logs, authorization and master data",Correct configuration and retest,Process completed successfully,ZPP0963,ZTAB0963,Critical,pp
ISS0965,FI,Custom Issue 964,Unexpected SAP system behavior,Configuration or authorization issue,"Review logs, authorization and master data",Correct configuration and retest,Process completed successfully,ZFI0964,ZTAB0964,High,fi
ISS0966,QM,Custom Issue 965,Unexpected SAP system behavior,Configuration or authorization issue,"Review logs, authorization and master data",Correct configuration and retest,Process completed successfully,ZQM0965,ZTAB0965,High,qm
ISS0967,MM,Custom Issue 966,Unexpected SAP system behavior,Configuration or authorization issue,"Review logs, authorization and master data",Correct configuration and retest,Process completed successfully,ZMM0966,ZTAB0966,High,mm
ISS0968,MM,Custom Issue 967,Unexpected SAP system behavior,Configuration or authorization issue,"Review logs, authorization and master data",Correct configuration and retest,Process completed successfully,ZMM0967,ZTAB0967,Low,mm
ISS0969,PP,Custom Issue 968,Unexpected SAP system behavior,Configuration or authorization issue,"Review logs, authorization and master data",Correct configuration and retest,Process completed successfully,ZPP0968,ZTAB0968,High,pp
ISS0970,MM,Custom Issue 969,Unexpected SAP system behavior,Configuration or authorization issue,"Review logs, authorization and master data",Correct configuration and retest,Process completed successfully,ZMM0969,ZTAB0969,Low,mm
ISS0971,WM,Custom Issue 970,Unexpected SAP system behavior,Configuration or authorization issue,"Review logs, authorization and master data",Correct configuration and retest,Process completed successfully,ZWM0970,ZTAB0970,Critical,wm
ISS0972,MM,Custom Issue 971,Unexpected SAP system behavior,Configuration or authorization issue,"Review logs, authorization and master data",Correct configuration and retest,Process completed successfully,ZMM0971,ZTAB0971,High,mm
ISS0973,MM,Custom Issue 972,Unexpected SAP system behavior,Configuration or authorization issue,"Review logs, authorization and master data",Correct configuration and retest,Process completed successfully,ZMM0972,ZTAB0972,Low,mm
ISS0974,WM,Custom Issue 973,Unexpected SAP system behavior,Configuration or authorization issue,"Review logs, authorization and master data",Correct configuration and retest,Process completed successfully,ZWM0973,ZTAB0973,Medium,wm
ISS0975,QM,Custom Issue 974,Unexpected SAP system behavior,Configuration or authorization issue,"Review logs, authorization and master data",Correct configuration and retest,Process completed successfully,ZQM0974,ZTAB0974,Low,qm
ISS0976,QM,Custom Issue 975,Unexpected SAP system behavior,Configuration or authorization issue,"Review logs, authorization and master data",Correct configuration and retest,Process completed successfully,ZQM0975,ZTAB0975,Medium,qm
ISS0977,MM,Custom Issue 976,Unexpected SAP system behavior,Configuration or authorization issue,"Review logs, authorization and master data",Correct configuration and retest,Process completed successfully,ZMM0976,ZTAB0976,Critical,mm
ISS0978,MM,Custom Issue 977,Unexpected SAP system behavior,Configuration or authorization issue,"Review logs, authorization and master data",Correct configuration and retest,Process completed successfully,ZMM0977,ZTAB0977,Medium,mm
ISS0979,WM,Custom Issue 978,Unexpected SAP system behavior,Configuration or authorization issue,"Review logs, authorization and master data",Correct configuration and retest,Process completed successfully,ZWM0978,ZTAB0978,Medium,wm
ISS0980,PP,Custom Issue 979,Unexpected SAP system behavior,Configuration or authorization issue,"Review logs, authorization and master data",Correct configuration and retest,Process completed successfully,ZPP0979,ZTAB0979,Low,pp
ISS0981,FI,Custom Issue 980,Unexpected SAP system behavior,Configuration or authorization issue,"Review logs, authorization and master data",Correct configuration and retest,Process completed successfully,ZFI0980,ZTAB0980,High,fi
ISS0982,FI,Custom Issue 981,Unexpected SAP system behavior,Configuration or authorization issue,"Review logs, authorization and master data",Correct configuration and retest,Process completed successfully,ZFI0981,ZTAB0981,Critical,fi
ISS0983,PP,Custom Issue 982,Unexpected SAP system behavior,Configuration or authorization issue,"Review logs, authorization and master data",Correct configuration and retest,Process completed successfully,ZPP0982,ZTAB0982,Medium,pp
ISS0984,SD,Custom Issue 983,Unexpected SAP system behavior,Configuration or authorization issue,"Review logs, authorization and master data",Correct configuration and retest,Process completed successfully,ZSD0983,ZTAB0983,High,sd
ISS0985,PP,Custom Issue 984,Unexpected SAP system behavior,Configuration or authorization issue,"Review logs, authorization and master data",Correct configuration and retest,Process completed successfully,ZPP0984,ZTAB0984,Low,pp
ISS0986,SD,Custom Issue 985,Unexpected SAP system behavior,Configuration or authorization issue,"Review logs, authorization and master data",Correct configuration and retest,Process completed successfully,ZSD0985,ZTAB0985,Critical,sd
ISS0987,QM,Custom Issue 986,Unexpected SAP system behavior,Configuration or authorization issue,"Review logs, authorization and master data",Correct configuration and retest,Process completed successfully,ZQM0986,ZTAB0986,Low,qm
ISS0988,FI,Custom Issue 987,Unexpected SAP system behavior,Configuration or authorization issue,"Review logs, authorization and master data",Correct configuration and retest,Process completed successfully,ZFI0987,ZTAB0987,Critical,fi
ISS0989,PP,Custom Issue 988,Unexpected SAP system behavior,Configuration or authorization issue,"Review logs, authorization and master data",Correct configuration and retest,Process completed successfully,ZPP0988,ZTAB0988,Medium,pp
ISS0990,WM,Custom Issue 989,Unexpected SAP system behavior,Configuration or authorization issue,"Review logs, authorization and master data",Correct configuration and retest,Process completed successfully,ZWM0989,ZTAB0989,Low,wm
ISS0991,WM,Custom Issue 990,Unexpected SAP system behavior,Configuration or authorization issue,"Review logs, authorization and master data",Correct configuration and retest,Process completed successfully,ZWM0990,ZTAB0990,Low,wm
ISS0992,FI,Custom Issue 991,Unexpected SAP system behavior,Configuration or authorization issue,"Review logs, authorization and master data",Correct configuration and retest,Process completed successfully,ZFI0991,ZTAB0991,High,fi
ISS0993,SD,Custom Issue 992,Unexpected SAP system behavior,Configuration or authorization issue,"Review logs, authorization and master data",Correct configuration and retest,Process completed successfully,ZSD0992,ZTAB0992,High,sd
ISS0994,FI,Custom Issue 993,Unexpected SAP system behavior,Configuration or authorization issue,"Review logs, authorization and master data",Correct configuration and retest,Process completed successfully,ZFI0993,ZTAB0993,Critical,fi
ISS0995,QM,Custom Issue 994,Unexpected SAP system behavior,Configuration or authorization issue,"Review logs, authorization and master data",Correct configuration and retest,Process completed successfully,ZQM0994,ZTAB0994,Critical,qm
ISS0996,MM,Custom Issue 995,Unexpected SAP system behavior,Configuration or authorization issue,"Review logs, authorization and master data",Correct configuration and retest,Process completed successfully,ZMM0995,ZTAB0995,Critical,mm
ISS0997,QM,Custom Issue 996,Unexpected SAP system behavior,Configuration or authorization issue,"Review logs, authorization and master data",Correct configuration and retest,Process completed successfully,ZQM0996,ZTAB0996,High,qm
ISS0998,MM,Custom Issue 997,Unexpected SAP system behavior,Configuration or authorization issue,"Review logs, authorization and master data",Correct configuration and retest,Process completed successfully,ZMM0997,ZTAB0997,High,mm
ISS0999,MM,Custom Issue 998,Unexpected SAP system behavior,Configuration or authorization issue,"Review logs, authorization and master data",Correct configuration and retest,Process completed successfully,ZMM0998,ZTAB0998,Critical,mm
ISS1000,SD,Custom Issue 999,Unexpected SAP system behavior,Configuration or authorization issue,"Review logs, authorization and master data",Correct configuration and retest,Process completed successfully,ZSD0999,ZTAB0999,Critical,sd
